Gene,Database,Count,Frequency,Percentage,Genomes
sdrE,VFDB,107,107,100.0%,064171_1;064172_2;064173_3;064174_4;064175_5;064176_6;064177_7;064178_8;064179_9;064180_10;064181_11;064182_12;064183_13;064184_14;064185_15;064186_16;064187_17;064188_18;064189_19;064190_20;064191_21;064192_22;064193_23;064194_24;064195_25;064196_26;064197_27;064198_28;064199_29;064200_30;064201_31;064202_32;064203_33;064204_34;064205_35;064206_36;064207_37;064208_38;064209_39;064210_40;064211_41;064212_42;064213_43;064214_44;064215_45;064216_46;064217_47;064218_48;064219_49;064220_50;064221_51;064222_52;064223_53;064224_54;064225_55;064226_56;064227_57;064228_58;064230_60;064231_61;064232_62;064233_63;064234_64;064235_65;064236_66;064237_67;064238_68;064239_69;064240_70;064241_71;064242_72;064243_73;064244_74;064245_75;064246_76;064247_77;064248_78;064249_79;064250_80;064251_81;064252_82;064253_83;064254_84;064255_85;064256_86;064257_87;064258_88;064259_89;064260_90;064261_91;064262_92;064263_93;064264_94;064265_95;064266_96;064267_97;064268_98;064269_99;064270_100;064271_101;064272_102;064273_103;064274_104;064275_105;064276_106;064277_107;235627_59B
sspC,VFDB,107,107,100.0%,064171_1;064172_2;064173_3;064174_4;064175_5;064176_6;064177_7;064178_8;064179_9;064180_10;064181_11;064182_12;064183_13;064184_14;064185_15;064186_16;064187_17;064188_18;064189_19;064190_20;064191_21;064192_22;064193_23;064194_24;064195_25;064196_26;064197_27;064198_28;064199_29;064200_30;064201_31;064202_32;064203_33;064204_34;064205_35;064206_36;064207_37;064208_38;064209_39;064210_40;064211_41;064212_42;064213_43;064214_44;064215_45;064216_46;064217_47;064218_48;064219_49;064220_50;064221_51;064222_52;064223_53;064224_54;064225_55;064226_56;064227_57;064228_58;064230_60;064231_61;064232_62;064233_63;064234_64;064235_65;064236_66;064237_67;064238_68;064239_69;064240_70;064241_71;064242_72;064243_73;064244_74;064245_75;064246_76;064247_77;064248_78;064249_79;064250_80;064251_81;064252_82;064253_83;064254_84;064255_85;064256_86;064257_87;064258_88;064259_89;064260_90;064261_91;064262_92;064263_93;064264_94;064265_95;064266_96;064267_97;064268_98;064269_99;064270_100;064271_101;064272_102;064273_103;064274_104;064275_105;064276_106;064277_107;235627_59B
sspB,VFDB,107,107,100.0%,064171_1;064172_2;064173_3;064174_4;064175_5;064176_6;064177_7;064178_8;064179_9;064180_10;064181_11;064182_12;064183_13;064184_14;064185_15;064186_16;064187_17;064188_18;064189_19;064190_20;064191_21;064192_22;064193_23;064194_24;064195_25;064196_26;064197_27;064198_28;064199_29;064200_30;064201_31;064202_32;064203_33;064204_34;064205_35;064206_36;064207_37;064208_38;064209_39;064210_40;064211_41;064212_42;064213_43;064214_44;064215_45;064216_46;064217_47;064218_48;064219_49;064220_50;064221_51;064222_52;064223_53;064224_54;064225_55;064226_56;064227_57;064228_58;064230_60;064231_61;064232_62;064233_63;064234_64;064235_65;064236_66;064237_67;064238_68;064239_69;064240_70;064241_71;064242_72;064243_73;064244_74;064245_75;064246_76;064247_77;064248_78;064249_79;064250_80;064251_81;064252_82;064253_83;064254_84;064255_85;064256_86;064257_87;064258_88;064259_89;064260_90;064261_91;064262_92;064263_93;064264_94;064265_95;064266_96;064267_97;064268_98;064269_99;064270_100;064271_101;064272_102;064273_103;064274_104;064275_105;064276_106;064277_107;235627_59B
sspA,VFDB,107,107,100.0%,064171_1;064172_2;064173_3;064174_4;064175_5;064176_6;064177_7;064178_8;064179_9;064180_10;064181_11;064182_12;064183_13;064184_14;064185_15;064186_16;064187_17;064188_18;064189_19;064190_20;064191_21;064192_22;064193_23;064194_24;064195_25;064196_26;064197_27;064198_28;064199_29;064200_30;064201_31;064202_32;064203_33;064204_34;064205_35;064206_36;064207_37;064208_38;064209_39;064210_40;064211_41;064212_42;064213_43;064214_44;064215_45;064216_46;064217_47;064218_48;064219_49;064220_50;064221_51;064222_52;064223_53;064224_54;064225_55;064226_56;064227_57;064228_58;064230_60;064231_61;064232_62;064233_63;064234_64;064235_65;064236_66;064237_67;064238_68;064239_69;064240_70;064241_71;064242_72;064243_73;064244_74;064245_75;064246_76;064247_77;064248_78;064249_79;064250_80;064251_81;064252_82;064253_83;064254_84;064255_85;064256_86;064257_87;064258_88;064259_89;064260_90;064261_91;064262_92;064263_93;064264_94;064265_95;064266_96;064267_97;064268_98;064269_99;064270_100;064271_101;064272_102;064273_103;064274_104;064275_105;064276_106;064277_107;235627_59B
isdB,VFDB,107,107,100.0%,064171_1;064172_2;064173_3;064174_4;064175_5;064176_6;064177_7;064178_8;064179_9;064180_10;064181_11;064182_12;064183_13;064184_14;064185_15;064186_16;064187_17;064188_18;064189_19;064190_20;064191_21;064192_22;064193_23;064194_24;064195_25;064196_26;064197_27;064198_28;064199_29;064200_30;064201_31;064202_32;064203_33;064204_34;064205_35;064206_36;064207_37;064208_38;064209_39;064210_40;064211_41;064212_42;064213_43;064214_44;064215_45;064216_46;064217_47;064218_48;064219_49;064220_50;064221_51;064222_52;064223_53;064224_54;064225_55;064226_56;064227_57;064228_58;064230_60;064231_61;064232_62;064233_63;064234_64;064235_65;064236_66;064237_67;064238_68;064239_69;064240_70;064241_71;064242_72;064243_73;064244_74;064245_75;064246_76;064247_77;064248_78;064249_79;064250_80;064251_81;064252_82;064253_83;064254_84;064255_85;064256_86;064257_87;064258_88;064259_89;064260_90;064261_91;064262_92;064263_93;064264_94;064265_95;064266_96;064267_97;064268_98;064269_99;064270_100;064271_101;064272_102;064273_103;064274_104;064275_105;064276_106;064277_107;235627_59B
isdA,VFDB,107,107,100.0%,064171_1;064172_2;064173_3;064174_4;064175_5;064176_6;064177_7;064178_8;064179_9;064180_10;064181_11;064182_12;064183_13;064184_14;064185_15;064186_16;064187_17;064188_18;064189_19;064190_20;064191_21;064192_22;064193_23;064194_24;064195_25;064196_26;064197_27;064198_28;064199_29;064200_30;064201_31;064202_32;064203_33;064204_34;064205_35;064206_36;064207_37;064208_38;064209_39;064210_40;064211_41;064212_42;064213_43;064214_44;064215_45;064216_46;064217_47;064218_48;064219_49;064220_50;064221_51;064222_52;064223_53;064224_54;064225_55;064226_56;064227_57;064228_58;064230_60;064231_61;064232_62;064233_63;064234_64;064235_65;064236_66;064237_67;064238_68;064239_69;064240_70;064241_71;064242_72;064243_73;064244_74;064245_75;064246_76;064247_77;064248_78;064249_79;064250_80;064251_81;064252_82;064253_83;064254_84;064255_85;064256_86;064257_87;064258_88;064259_89;064260_90;064261_91;064262_92;064263_93;064264_94;064265_95;064266_96;064267_97;064268_98;064269_99;064270_100;064271_101;064272_102;064273_103;064274_104;064275_105;064276_106;064277_107;235627_59B
isdC,VFDB,107,107,100.0%,064171_1;064172_2;064173_3;064174_4;064175_5;064176_6;064177_7;064178_8;064179_9;064180_10;064181_11;064182_12;064183_13;064184_14;064185_15;064186_16;064187_17;064188_18;064189_19;064190_20;064191_21;064192_22;064193_23;064194_24;064195_25;064196_26;064197_27;064198_28;064199_29;064200_30;064201_31;064202_32;064203_33;064204_34;064205_35;064206_36;064207_37;064208_38;064209_39;064210_40;064211_41;064212_42;064213_43;064214_44;064215_45;064216_46;064217_47;064218_48;064219_49;064220_50;064221_51;064222_52;064223_53;064224_54;064225_55;064226_56;064227_57;064228_58;064230_60;064231_61;064232_62;064233_63;064234_64;064235_65;064236_66;064237_67;064238_68;064239_69;064240_70;064241_71;064242_72;064243_73;064244_74;064245_75;064246_76;064247_77;064248_78;064249_79;064250_80;064251_81;064252_82;064253_83;064254_84;064255_85;064256_86;064257_87;064258_88;064259_89;064260_90;064261_91;064262_92;064263_93;064264_94;064265_95;064266_96;064267_97;064268_98;064269_99;064270_100;064271_101;064272_102;064273_103;064274_104;064275_105;064276_106;064277_107;235627_59B
isdD,VFDB,107,107,100.0%,064171_1;064172_2;064173_3;064174_4;064175_5;064176_6;064177_7;064178_8;064179_9;064180_10;064181_11;064182_12;064183_13;064184_14;064185_15;064186_16;064187_17;064188_18;064189_19;064190_20;064191_21;064192_22;064193_23;064194_24;064195_25;064196_26;064197_27;064198_28;064199_29;064200_30;064201_31;064202_32;064203_33;064204_34;064205_35;064206_36;064207_37;064208_38;064209_39;064210_40;064211_41;064212_42;064213_43;064214_44;064215_45;064216_46;064217_47;064218_48;064219_49;064220_50;064221_51;064222_52;064223_53;064224_54;064225_55;064226_56;064227_57;064228_58;064230_60;064231_61;064232_62;064233_63;064234_64;064235_65;064236_66;064237_67;064238_68;064239_69;064240_70;064241_71;064242_72;064243_73;064244_74;064245_75;064246_76;064247_77;064248_78;064249_79;064250_80;064251_81;064252_82;064253_83;064254_84;064255_85;064256_86;064257_87;064258_88;064259_89;064260_90;064261_91;064262_92;064263_93;064264_94;064265_95;064266_96;064267_97;064268_98;064269_99;064270_100;064271_101;064272_102;064273_103;064274_104;064275_105;064276_106;064277_107;235627_59B
isdE,VFDB,107,107,100.0%,064171_1;064172_2;064173_3;064174_4;064175_5;064176_6;064177_7;064178_8;064179_9;064180_10;064181_11;064182_12;064183_13;064184_14;064185_15;064186_16;064187_17;064188_18;064189_19;064190_20;064191_21;064192_22;064193_23;064194_24;064195_25;064196_26;064197_27;064198_28;064199_29;064200_30;064201_31;064202_32;064203_33;064204_34;064205_35;064206_36;064207_37;064208_38;064209_39;064210_40;064211_41;064212_42;064213_43;064214_44;064215_45;064216_46;064217_47;064218_48;064219_49;064220_50;064221_51;064222_52;064223_53;064224_54;064225_55;064226_56;064227_57;064228_58;064230_60;064231_61;064232_62;064233_63;064234_64;064235_65;064236_66;064237_67;064238_68;064239_69;064240_70;064241_71;064242_72;064243_73;064244_74;064245_75;064246_76;064247_77;064248_78;064249_79;064250_80;064251_81;064252_82;064253_83;064254_84;064255_85;064256_86;064257_87;064258_88;064259_89;064260_90;064261_91;064262_92;064263_93;064264_94;064265_95;064266_96;064267_97;064268_98;064269_99;064270_100;064271_101;064272_102;064273_103;064274_104;064275_105;064276_106;064277_107;235627_59B
isdF,VFDB,107,107,100.0%,064171_1;064172_2;064173_3;064174_4;064175_5;064176_6;064177_7;064178_8;064179_9;064180_10;064181_11;064182_12;064183_13;064184_14;064185_15;064186_16;064187_17;064188_18;064189_19;064190_20;064191_21;064192_22;064193_23;064194_24;064195_25;064196_26;064197_27;064198_28;064199_29;064200_30;064201_31;064202_32;064203_33;064204_34;064205_35;064206_36;064207_37;064208_38;064209_39;064210_40;064211_41;064212_42;064213_43;064214_44;064215_45;064216_46;064217_47;064218_48;064219_49;064220_50;064221_51;064222_52;064223_53;064224_54;064225_55;064226_56;064227_57;064228_58;064230_60;064231_61;064232_62;064233_63;064234_64;064235_65;064236_66;064237_67;064238_68;064239_69;064240_70;064241_71;064242_72;064243_73;064244_74;064245_75;064246_76;064247_77;064248_78;064249_79;064250_80;064251_81;064252_82;064253_83;064254_84;064255_85;064256_86;064257_87;064258_88;064259_89;064260_90;064261_91;064262_92;064263_93;064264_94;064265_95;064266_96;064267_97;064268_98;064269_99;064270_100;064271_101;064272_102;064273_103;064274_104;064275_105;064276_106;064277_107;235627_59B
srtB,VFDB,107,107,100.0%,064171_1;064172_2;064173_3;064174_4;064175_5;064176_6;064177_7;064178_8;064179_9;064180_10;064181_11;064182_12;064183_13;064184_14;064185_15;064186_16;064187_17;064188_18;064189_19;064190_20;064191_21;064192_22;064193_23;064194_24;064195_25;064196_26;064197_27;064198_28;064199_29;064200_30;064201_31;064202_32;064203_33;064204_34;064205_35;064206_36;064207_37;064208_38;064209_39;064210_40;064211_41;064212_42;064213_43;064214_44;064215_45;064216_46;064217_47;064218_48;064219_49;064220_50;064221_51;064222_52;064223_53;064224_54;064225_55;064226_56;064227_57;064228_58;064230_60;064231_61;064232_62;064233_63;064234_64;064235_65;064236_66;064237_67;064238_68;064239_69;064240_70;064241_71;064242_72;064243_73;064244_74;064245_75;064246_76;064247_77;064248_78;064249_79;064250_80;064251_81;064252_82;064253_83;064254_84;064255_85;064256_86;064257_87;064258_88;064259_89;064260_90;064261_91;064262_92;064263_93;064264_94;064265_95;064266_96;064267_97;064268_98;064269_99;064270_100;064271_101;064272_102;064273_103;064274_104;064275_105;064276_106;064277_107;235627_59B
isdG,VFDB,107,107,100.0%,064171_1;064172_2;064173_3;064174_4;064175_5;064176_6;064177_7;064178_8;064179_9;064180_10;064181_11;064182_12;064183_13;064184_14;064185_15;064186_16;064187_17;064188_18;064189_19;064190_20;064191_21;064192_22;064193_23;064194_24;064195_25;064196_26;064197_27;064198_28;064199_29;064200_30;064201_31;064202_32;064203_33;064204_34;064205_35;064206_36;064207_37;064208_38;064209_39;064210_40;064211_41;064212_42;064213_43;064214_44;064215_45;064216_46;064217_47;064218_48;064219_49;064220_50;064221_51;064222_52;064223_53;064224_54;064225_55;064226_56;064227_57;064228_58;064230_60;064231_61;064232_62;064233_63;064234_64;064235_65;064236_66;064237_67;064238_68;064239_69;064240_70;064241_71;064242_72;064243_73;064244_74;064245_75;064246_76;064247_77;064248_78;064249_79;064250_80;064251_81;064252_82;064253_83;064254_84;064255_85;064256_86;064257_87;064258_88;064259_89;064260_90;064261_91;064262_92;064263_93;064264_94;064265_95;064266_96;064267_97;064268_98;064269_99;064270_100;064271_101;064272_102;064273_103;064274_104;064275_105;064276_106;064277_107;235627_59B
hly/hla,VFDB,107,107,100.0%,064171_1;064172_2;064173_3;064174_4;064175_5;064176_6;064177_7;064178_8;064179_9;064180_10;064181_11;064182_12;064183_13;064184_14;064185_15;064186_16;064187_17;064188_18;064189_19;064190_20;064191_21;064192_22;064193_23;064194_24;064195_25;064196_26;064197_27;064198_28;064199_29;064200_30;064201_31;064202_32;064203_33;064204_34;064205_35;064206_36;064207_37;064208_38;064209_39;064210_40;064211_41;064212_42;064213_43;064214_44;064215_45;064216_46;064217_47;064218_48;064219_49;064220_50;064221_51;064222_52;064223_53;064224_54;064225_55;064226_56;064227_57;064228_58;064230_60;064231_61;064232_62;064233_63;064234_64;064235_65;064236_66;064237_67;064238_68;064239_69;064240_70;064241_71;064242_72;064243_73;064244_74;064245_75;064246_76;064247_77;064248_78;064249_79;064250_80;064251_81;064252_82;064253_83;064254_84;064255_85;064256_86;064257_87;064258_88;064259_89;064260_90;064261_91;064262_92;064263_93;064264_94;064265_95;064266_96;064267_97;064268_98;064269_99;064270_100;064271_101;064272_102;064273_103;064274_104;064275_105;064276_106;064277_107;235627_59B
clfB,VFDB,107,107,100.0%,064171_1;064172_2;064173_3;064174_4;064175_5;064176_6;064177_7;064178_8;064179_9;064180_10;064181_11;064182_12;064183_13;064184_14;064185_15;064186_16;064187_17;064188_18;064189_19;064190_20;064191_21;064192_22;064193_23;064194_24;064195_25;064196_26;064197_27;064198_28;064199_29;064200_30;064201_31;064202_32;064203_33;064204_34;064205_35;064206_36;064207_37;064208_38;064209_39;064210_40;064211_41;064212_42;064213_43;064214_44;064215_45;064216_46;064217_47;064218_48;064219_49;064220_50;064221_51;064222_52;064223_53;064224_54;064225_55;064226_56;064227_57;064228_58;064230_60;064231_61;064232_62;064233_63;064234_64;064235_65;064236_66;064237_67;064238_68;064239_69;064240_70;064241_71;064242_72;064243_73;064244_74;064245_75;064246_76;064247_77;064248_78;064249_79;064250_80;064251_81;064252_82;064253_83;064254_84;064255_85;064256_86;064257_87;064258_88;064259_89;064260_90;064261_91;064262_92;064263_93;064264_94;064265_95;064266_96;064267_97;064268_98;064269_99;064270_100;064271_101;064272_102;064273_103;064274_104;064275_105;064276_106;064277_107;235627_59B
aur,VFDB,107,107,100.0%,064171_1;064172_2;064173_3;064174_4;064175_5;064176_6;064177_7;064178_8;064179_9;064180_10;064181_11;064182_12;064183_13;064184_14;064185_15;064186_16;064187_17;064188_18;064189_19;064190_20;064191_21;064192_22;064193_23;064194_24;064195_25;064196_26;064197_27;064198_28;064199_29;064200_30;064201_31;064202_32;064203_33;064204_34;064205_35;064206_36;064207_37;064208_38;064209_39;064210_40;064211_41;064212_42;064213_43;064214_44;064215_45;064216_46;064217_47;064218_48;064219_49;064220_50;064221_51;064222_52;064223_53;064224_54;064225_55;064226_56;064227_57;064228_58;064230_60;064231_61;064232_62;064233_63;064234_64;064235_65;064236_66;064237_67;064238_68;064239_69;064240_70;064241_71;064242_72;064243_73;064244_74;064245_75;064246_76;064247_77;064248_78;064249_79;064250_80;064251_81;064252_82;064253_83;064254_84;064255_85;064256_86;064257_87;064258_88;064259_89;064260_90;064261_91;064262_92;064263_93;064264_94;064265_95;064266_96;064267_97;064268_98;064269_99;064270_100;064271_101;064272_102;064273_103;064274_104;064275_105;064276_106;064277_107;235627_59B
icaR,VFDB,107,107,100.0%,064171_1;064172_2;064173_3;064174_4;064175_5;064176_6;064177_7;064178_8;064179_9;064180_10;064181_11;064182_12;064183_13;064184_14;064185_15;064186_16;064187_17;064188_18;064189_19;064190_20;064191_21;064192_22;064193_23;064194_24;064195_25;064196_26;064197_27;064198_28;064199_29;064200_30;064201_31;064202_32;064203_33;064204_34;064205_35;064206_36;064207_37;064208_38;064209_39;064210_40;064211_41;064212_42;064213_43;064214_44;064215_45;064216_46;064217_47;064218_48;064219_49;064220_50;064221_51;064222_52;064223_53;064224_54;064225_55;064226_56;064227_57;064228_58;064230_60;064231_61;064232_62;064233_63;064234_64;064235_65;064236_66;064237_67;064238_68;064239_69;064240_70;064241_71;064242_72;064243_73;064244_74;064245_75;064246_76;064247_77;064248_78;064249_79;064250_80;064251_81;064252_82;064253_83;064254_84;064255_85;064256_86;064257_87;064258_88;064259_89;064260_90;064261_91;064262_92;064263_93;064264_94;064265_95;064266_96;064267_97;064268_98;064269_99;064270_100;064271_101;064272_102;064273_103;064274_104;064275_105;064276_106;064277_107;235627_59B
icaA,VFDB,107,107,100.0%,064171_1;064172_2;064173_3;064174_4;064175_5;064176_6;064177_7;064178_8;064179_9;064180_10;064181_11;064182_12;064183_13;064184_14;064185_15;064186_16;064187_17;064188_18;064189_19;064190_20;064191_21;064192_22;064193_23;064194_24;064195_25;064196_26;064197_27;064198_28;064199_29;064200_30;064201_31;064202_32;064203_33;064204_34;064205_35;064206_36;064207_37;064208_38;064209_39;064210_40;064211_41;064212_42;064213_43;064214_44;064215_45;064216_46;064217_47;064218_48;064219_49;064220_50;064221_51;064222_52;064223_53;064224_54;064225_55;064226_56;064227_57;064228_58;064230_60;064231_61;064232_62;064233_63;064234_64;064235_65;064236_66;064237_67;064238_68;064239_69;064240_70;064241_71;064242_72;064243_73;064244_74;064245_75;064246_76;064247_77;064248_78;064249_79;064250_80;064251_81;064252_82;064253_83;064254_84;064255_85;064256_86;064257_87;064258_88;064259_89;064260_90;064261_91;064262_92;064263_93;064264_94;064265_95;064266_96;064267_97;064268_98;064269_99;064270_100;064271_101;064272_102;064273_103;064274_104;064275_105;064276_106;064277_107;235627_59B
icaD,VFDB,107,107,100.0%,064171_1;064172_2;064173_3;064174_4;064175_5;064176_6;064177_7;064178_8;064179_9;064180_10;064181_11;064182_12;064183_13;064184_14;064185_15;064186_16;064187_17;064188_18;064189_19;064190_20;064191_21;064192_22;064193_23;064194_24;064195_25;064196_26;064197_27;064198_28;064199_29;064200_30;064201_31;064202_32;064203_33;064204_34;064205_35;064206_36;064207_37;064208_38;064209_39;064210_40;064211_41;064212_42;064213_43;064214_44;064215_45;064216_46;064217_47;064218_48;064219_49;064220_50;064221_51;064222_52;064223_53;064224_54;064225_55;064226_56;064227_57;064228_58;064230_60;064231_61;064232_62;064233_63;064234_64;064235_65;064236_66;064237_67;064238_68;064239_69;064240_70;064241_71;064242_72;064243_73;064244_74;064245_75;064246_76;064247_77;064248_78;064249_79;064250_80;064251_81;064252_82;064253_83;064254_84;064255_85;064256_86;064257_87;064258_88;064259_89;064260_90;064261_91;064262_92;064263_93;064264_94;064265_95;064266_96;064267_97;064268_98;064269_99;064270_100;064271_101;064272_102;064273_103;064274_104;064275_105;064276_106;064277_107;235627_59B
icaB,VFDB,107,107,100.0%,064171_1;064172_2;064173_3;064174_4;064175_5;064176_6;064177_7;064178_8;064179_9;064180_10;064181_11;064182_12;064183_13;064184_14;064185_15;064186_16;064187_17;064188_18;064189_19;064190_20;064191_21;064192_22;064193_23;064194_24;064195_25;064196_26;064197_27;064198_28;064199_29;064200_30;064201_31;064202_32;064203_33;064204_34;064205_35;064206_36;064207_37;064208_38;064209_39;064210_40;064211_41;064212_42;064213_43;064214_44;064215_45;064216_46;064217_47;064218_48;064219_49;064220_50;064221_51;064222_52;064223_53;064224_54;064225_55;064226_56;064227_57;064228_58;064230_60;064231_61;064232_62;064233_63;064234_64;064235_65;064236_66;064237_67;064238_68;064239_69;064240_70;064241_71;064242_72;064243_73;064244_74;064245_75;064246_76;064247_77;064248_78;064249_79;064250_80;064251_81;064252_82;064253_83;064254_84;064255_85;064256_86;064257_87;064258_88;064259_89;064260_90;064261_91;064262_92;064263_93;064264_94;064265_95;064266_96;064267_97;064268_98;064269_99;064270_100;064271_101;064272_102;064273_103;064274_104;064275_105;064276_106;064277_107;235627_59B
icaC,VFDB,107,107,100.0%,064171_1;064172_2;064173_3;064174_4;064175_5;064176_6;064177_7;064178_8;064179_9;064180_10;064181_11;064182_12;064183_13;064184_14;064185_15;064186_16;064187_17;064188_18;064189_19;064190_20;064191_21;064192_22;064193_23;064194_24;064195_25;064196_26;064197_27;064198_28;064199_29;064200_30;064201_31;064202_32;064203_33;064204_34;064205_35;064206_36;064207_37;064208_38;064209_39;064210_40;064211_41;064212_42;064213_43;064214_44;064215_45;064216_46;064217_47;064218_48;064219_49;064220_50;064221_51;064222_52;064223_53;064224_54;064225_55;064226_56;064227_57;064228_58;064230_60;064231_61;064232_62;064233_63;064234_64;064235_65;064236_66;064237_67;064238_68;064239_69;064240_70;064241_71;064242_72;064243_73;064244_74;064245_75;064246_76;064247_77;064248_78;064249_79;064250_80;064251_81;064252_82;064253_83;064254_84;064255_85;064256_86;064257_87;064258_88;064259_89;064260_90;064261_91;064262_92;064263_93;064264_94;064265_95;064266_96;064267_97;064268_98;064269_99;064270_100;064271_101;064272_102;064273_103;064274_104;064275_105;064276_106;064277_107;235627_59B
lip,VFDB,107,107,100.0%,064171_1;064172_2;064173_3;064174_4;064175_5;064176_6;064177_7;064178_8;064179_9;064180_10;064181_11;064182_12;064183_13;064184_14;064185_15;064186_16;064187_17;064188_18;064189_19;064190_20;064191_21;064192_22;064193_23;064194_24;064195_25;064196_26;064197_27;064198_28;064199_29;064200_30;064201_31;064202_32;064203_33;064204_34;064205_35;064206_36;064207_37;064208_38;064209_39;064210_40;064211_41;064212_42;064213_43;064214_44;064215_45;064216_46;064217_47;064218_48;064219_49;064220_50;064221_51;064222_52;064223_53;064224_54;064225_55;064226_56;064227_57;064228_58;064230_60;064231_61;064232_62;064233_63;064234_64;064235_65;064236_66;064237_67;064238_68;064239_69;064240_70;064241_71;064242_72;064243_73;064244_74;064245_75;064246_76;064247_77;064248_78;064249_79;064250_80;064251_81;064252_82;064253_83;064254_84;064255_85;064256_86;064257_87;064258_88;064259_89;064260_90;064261_91;064262_92;064263_93;064264_94;064265_95;064266_96;064267_97;064268_98;064269_99;064270_100;064271_101;064272_102;064273_103;064274_104;064275_105;064276_106;064277_107;235627_59B
adsA,VFDB,107,107,100.0%,064171_1;064172_2;064173_3;064174_4;064175_5;064176_6;064177_7;064178_8;064179_9;064180_10;064181_11;064182_12;064183_13;064184_14;064185_15;064186_16;064187_17;064188_18;064189_19;064190_20;064191_21;064192_22;064193_23;064194_24;064195_25;064196_26;064197_27;064198_28;064199_29;064200_30;064201_31;064202_32;064203_33;064204_34;064205_35;064206_36;064207_37;064208_38;064209_39;064210_40;064211_41;064212_42;064213_43;064214_44;064215_45;064216_46;064217_47;064218_48;064219_49;064220_50;064221_51;064222_52;064223_53;064224_54;064225_55;064226_56;064227_57;064228_58;064230_60;064231_61;064232_62;064233_63;064234_64;064235_65;064236_66;064237_67;064238_68;064239_69;064240_70;064241_71;064242_72;064243_73;064244_74;064245_75;064246_76;064247_77;064248_78;064249_79;064250_80;064251_81;064252_82;064253_83;064254_84;064255_85;064256_86;064257_87;064258_88;064259_89;064260_90;064261_91;064262_92;064263_93;064264_94;064265_95;064266_96;064267_97;064268_98;064269_99;064270_100;064271_101;064272_102;064273_103;064274_104;064275_105;064276_106;064277_107;235627_59B
capA,VFDB,107,107,100.0%,064171_1;064172_2;064173_3;064174_4;064175_5;064176_6;064177_7;064178_8;064179_9;064180_10;064181_11;064182_12;064183_13;064184_14;064185_15;064186_16;064187_17;064188_18;064189_19;064190_20;064191_21;064192_22;064193_23;064194_24;064195_25;064196_26;064197_27;064198_28;064199_29;064200_30;064201_31;064202_32;064203_33;064204_34;064205_35;064206_36;064207_37;064208_38;064209_39;064210_40;064211_41;064212_42;064213_43;064214_44;064215_45;064216_46;064217_47;064218_48;064219_49;064220_50;064221_51;064222_52;064223_53;064224_54;064225_55;064226_56;064227_57;064228_58;064230_60;064231_61;064232_62;064233_63;064234_64;064235_65;064236_66;064237_67;064238_68;064239_69;064240_70;064241_71;064242_72;064243_73;064244_74;064245_75;064246_76;064247_77;064248_78;064249_79;064250_80;064251_81;064252_82;064253_83;064254_84;064255_85;064256_86;064257_87;064258_88;064259_89;064260_90;064261_91;064262_92;064263_93;064264_94;064265_95;064266_96;064267_97;064268_98;064269_99;064270_100;064271_101;064272_102;064273_103;064274_104;064275_105;064276_106;064277_107;235627_59B
cap8B,VFDB,107,107,100.0%,064171_1;064172_2;064173_3;064174_4;064175_5;064176_6;064177_7;064178_8;064179_9;064180_10;064181_11;064182_12;064183_13;064184_14;064185_15;064186_16;064187_17;064188_18;064189_19;064190_20;064191_21;064192_22;064193_23;064194_24;064195_25;064196_26;064197_27;064198_28;064199_29;064200_30;064201_31;064202_32;064203_33;064204_34;064205_35;064206_36;064207_37;064208_38;064209_39;064210_40;064211_41;064212_42;064213_43;064214_44;064215_45;064216_46;064217_47;064218_48;064219_49;064220_50;064221_51;064222_52;064223_53;064224_54;064225_55;064226_56;064227_57;064228_58;064230_60;064231_61;064232_62;064233_63;064234_64;064235_65;064236_66;064237_67;064238_68;064239_69;064240_70;064241_71;064242_72;064243_73;064244_74;064245_75;064246_76;064247_77;064248_78;064249_79;064250_80;064251_81;064252_82;064253_83;064254_84;064255_85;064256_86;064257_87;064258_88;064259_89;064260_90;064261_91;064262_92;064263_93;064264_94;064265_95;064266_96;064267_97;064268_98;064269_99;064270_100;064271_101;064272_102;064273_103;064274_104;064275_105;064276_106;064277_107;235627_59B
cap8C,VFDB,107,107,100.0%,064171_1;064172_2;064173_3;064174_4;064175_5;064176_6;064177_7;064178_8;064179_9;064180_10;064181_11;064182_12;064183_13;064184_14;064185_15;064186_16;064187_17;064188_18;064189_19;064190_20;064191_21;064192_22;064193_23;064194_24;064195_25;064196_26;064197_27;064198_28;064199_29;064200_30;064201_31;064202_32;064203_33;064204_34;064205_35;064206_36;064207_37;064208_38;064209_39;064210_40;064211_41;064212_42;064213_43;064214_44;064215_45;064216_46;064217_47;064218_48;064219_49;064220_50;064221_51;064222_52;064223_53;064224_54;064225_55;064226_56;064227_57;064228_58;064230_60;064231_61;064232_62;064233_63;064234_64;064235_65;064236_66;064237_67;064238_68;064239_69;064240_70;064241_71;064242_72;064243_73;064244_74;064245_75;064246_76;064247_77;064248_78;064249_79;064250_80;064251_81;064252_82;064253_83;064254_84;064255_85;064256_86;064257_87;064258_88;064259_89;064260_90;064261_91;064262_92;064263_93;064264_94;064265_95;064266_96;064267_97;064268_98;064269_99;064270_100;064271_101;064272_102;064273_103;064274_104;064275_105;064276_106;064277_107;235627_59B
cap8D,VFDB,107,107,100.0%,064171_1;064172_2;064173_3;064174_4;064175_5;064176_6;064177_7;064178_8;064179_9;064180_10;064181_11;064182_12;064183_13;064184_14;064185_15;064186_16;064187_17;064188_18;064189_19;064190_20;064191_21;064192_22;064193_23;064194_24;064195_25;064196_26;064197_27;064198_28;064199_29;064200_30;064201_31;064202_32;064203_33;064204_34;064205_35;064206_36;064207_37;064208_38;064209_39;064210_40;064211_41;064212_42;064213_43;064214_44;064215_45;064216_46;064217_47;064218_48;064219_49;064220_50;064221_51;064222_52;064223_53;064224_54;064225_55;064226_56;064227_57;064228_58;064230_60;064231_61;064232_62;064233_63;064234_64;064235_65;064236_66;064237_67;064238_68;064239_69;064240_70;064241_71;064242_72;064243_73;064244_74;064245_75;064246_76;064247_77;064248_78;064249_79;064250_80;064251_81;064252_82;064253_83;064254_84;064255_85;064256_86;064257_87;064258_88;064259_89;064260_90;064261_91;064262_92;064263_93;064264_94;064265_95;064266_96;064267_97;064268_98;064269_99;064270_100;064271_101;064272_102;064273_103;064274_104;064275_105;064276_106;064277_107;235627_59B
cap8E,VFDB,107,107,100.0%,064171_1;064172_2;064173_3;064174_4;064175_5;064176_6;064177_7;064178_8;064179_9;064180_10;064181_11;064182_12;064183_13;064184_14;064185_15;064186_16;064187_17;064188_18;064189_19;064190_20;064191_21;064192_22;064193_23;064194_24;064195_25;064196_26;064197_27;064198_28;064199_29;064200_30;064201_31;064202_32;064203_33;064204_34;064205_35;064206_36;064207_37;064208_38;064209_39;064210_40;064211_41;064212_42;064213_43;064214_44;064215_45;064216_46;064217_47;064218_48;064219_49;064220_50;064221_51;064222_52;064223_53;064224_54;064225_55;064226_56;064227_57;064228_58;064230_60;064231_61;064232_62;064233_63;064234_64;064235_65;064236_66;064237_67;064238_68;064239_69;064240_70;064241_71;064242_72;064243_73;064244_74;064245_75;064246_76;064247_77;064248_78;064249_79;064250_80;064251_81;064252_82;064253_83;064254_84;064255_85;064256_86;064257_87;064258_88;064259_89;064260_90;064261_91;064262_92;064263_93;064264_94;064265_95;064266_96;064267_97;064268_98;064269_99;064270_100;064271_101;064272_102;064273_103;064274_104;064275_105;064276_106;064277_107;235627_59B
cap8F,VFDB,107,107,100.0%,064171_1;064172_2;064173_3;064174_4;064175_5;064176_6;064177_7;064178_8;064179_9;064180_10;064181_11;064182_12;064183_13;064184_14;064185_15;064186_16;064187_17;064188_18;064189_19;064190_20;064191_21;064192_22;064193_23;064194_24;064195_25;064196_26;064197_27;064198_28;064199_29;064200_30;064201_31;064202_32;064203_33;064204_34;064205_35;064206_36;064207_37;064208_38;064209_39;064210_40;064211_41;064212_42;064213_43;064214_44;064215_45;064216_46;064217_47;064218_48;064219_49;064220_50;064221_51;064222_52;064223_53;064224_54;064225_55;064226_56;064227_57;064228_58;064230_60;064231_61;064232_62;064233_63;064234_64;064235_65;064236_66;064237_67;064238_68;064239_69;064240_70;064241_71;064242_72;064243_73;064244_74;064245_75;064246_76;064247_77;064248_78;064249_79;064250_80;064251_81;064252_82;064253_83;064254_84;064255_85;064256_86;064257_87;064258_88;064259_89;064260_90;064261_91;064262_92;064263_93;064264_94;064265_95;064266_96;064267_97;064268_98;064269_99;064270_100;064271_101;064272_102;064273_103;064274_104;064275_105;064276_106;064277_107;235627_59B
cap8G,VFDB,107,107,100.0%,064171_1;064172_2;064173_3;064174_4;064175_5;064176_6;064177_7;064178_8;064179_9;064180_10;064181_11;064182_12;064183_13;064184_14;064185_15;064186_16;064187_17;064188_18;064189_19;064190_20;064191_21;064192_22;064193_23;064194_24;064195_25;064196_26;064197_27;064198_28;064199_29;064200_30;064201_31;064202_32;064203_33;064204_34;064205_35;064206_36;064207_37;064208_38;064209_39;064210_40;064211_41;064212_42;064213_43;064214_44;064215_45;064216_46;064217_47;064218_48;064219_49;064220_50;064221_51;064222_52;064223_53;064224_54;064225_55;064226_56;064227_57;064228_58;064230_60;064231_61;064232_62;064233_63;064234_64;064235_65;064236_66;064237_67;064238_68;064239_69;064240_70;064241_71;064242_72;064243_73;064244_74;064245_75;064246_76;064247_77;064248_78;064249_79;064250_80;064251_81;064252_82;064253_83;064254_84;064255_85;064256_86;064257_87;064258_88;064259_89;064260_90;064261_91;064262_92;064263_93;064264_94;064265_95;064266_96;064267_97;064268_98;064269_99;064270_100;064271_101;064272_102;064273_103;064274_104;064275_105;064276_106;064277_107;235627_59B
cap8L,VFDB,107,107,100.0%,064171_1;064172_2;064173_3;064174_4;064175_5;064176_6;064177_7;064178_8;064179_9;064180_10;064181_11;064182_12;064183_13;064184_14;064185_15;064186_16;064187_17;064188_18;064189_19;064190_20;064191_21;064192_22;064193_23;064194_24;064195_25;064196_26;064197_27;064198_28;064199_29;064200_30;064201_31;064202_32;064203_33;064204_34;064205_35;064206_36;064207_37;064208_38;064209_39;064210_40;064211_41;064212_42;064213_43;064214_44;064215_45;064216_46;064217_47;064218_48;064219_49;064220_50;064221_51;064222_52;064223_53;064224_54;064225_55;064226_56;064227_57;064228_58;064230_60;064231_61;064232_62;064233_63;064234_64;064235_65;064236_66;064237_67;064238_68;064239_69;064240_70;064241_71;064242_72;064243_73;064244_74;064245_75;064246_76;064247_77;064248_78;064249_79;064250_80;064251_81;064252_82;064253_83;064254_84;064255_85;064256_86;064257_87;064258_88;064259_89;064260_90;064261_91;064262_92;064263_93;064264_94;064265_95;064266_96;064267_97;064268_98;064269_99;064270_100;064271_101;064272_102;064273_103;064274_104;064275_105;064276_106;064277_107;235627_59B
cap8M,VFDB,107,107,100.0%,064171_1;064172_2;064173_3;064174_4;064175_5;064176_6;064177_7;064178_8;064179_9;064180_10;064181_11;064182_12;064183_13;064184_14;064185_15;064186_16;064187_17;064188_18;064189_19;064190_20;064191_21;064192_22;064193_23;064194_24;064195_25;064196_26;064197_27;064198_28;064199_29;064200_30;064201_31;064202_32;064203_33;064204_34;064205_35;064206_36;064207_37;064208_38;064209_39;064210_40;064211_41;064212_42;064213_43;064214_44;064215_45;064216_46;064217_47;064218_48;064219_49;064220_50;064221_51;064222_52;064223_53;064224_54;064225_55;064226_56;064227_57;064228_58;064230_60;064231_61;064232_62;064233_63;064234_64;064235_65;064236_66;064237_67;064238_68;064239_69;064240_70;064241_71;064242_72;064243_73;064244_74;064245_75;064246_76;064247_77;064248_78;064249_79;064250_80;064251_81;064252_82;064253_83;064254_84;064255_85;064256_86;064257_87;064258_88;064259_89;064260_90;064261_91;064262_92;064263_93;064264_94;064265_95;064266_96;064267_97;064268_98;064269_99;064270_100;064271_101;064272_102;064273_103;064274_104;064275_105;064276_106;064277_107;235627_59B
capN,VFDB,107,107,100.0%,064171_1;064172_2;064173_3;064174_4;064175_5;064176_6;064177_7;064178_8;064179_9;064180_10;064181_11;064182_12;064183_13;064184_14;064185_15;064186_16;064187_17;064188_18;064189_19;064190_20;064191_21;064192_22;064193_23;064194_24;064195_25;064196_26;064197_27;064198_28;064199_29;064200_30;064201_31;064202_32;064203_33;064204_34;064205_35;064206_36;064207_37;064208_38;064209_39;064210_40;064211_41;064212_42;064213_43;064214_44;064215_45;064216_46;064217_47;064218_48;064219_49;064220_50;064221_51;064222_52;064223_53;064224_54;064225_55;064226_56;064227_57;064228_58;064230_60;064231_61;064232_62;064233_63;064234_64;064235_65;064236_66;064237_67;064238_68;064239_69;064240_70;064241_71;064242_72;064243_73;064244_74;064245_75;064246_76;064247_77;064248_78;064249_79;064250_80;064251_81;064252_82;064253_83;064254_84;064255_85;064256_86;064257_87;064258_88;064259_89;064260_90;064261_91;064262_92;064263_93;064264_94;064265_95;064266_96;064267_97;064268_98;064269_99;064270_100;064271_101;064272_102;064273_103;064274_104;064275_105;064276_106;064277_107;235627_59B
cap8O,VFDB,107,107,100.0%,064171_1;064172_2;064173_3;064174_4;064175_5;064176_6;064177_7;064178_8;064179_9;064180_10;064181_11;064182_12;064183_13;064184_14;064185_15;064186_16;064187_17;064188_18;064189_19;064190_20;064191_21;064192_22;064193_23;064194_24;064195_25;064196_26;064197_27;064198_28;064199_29;064200_30;064201_31;064202_32;064203_33;064204_34;064205_35;064206_36;064207_37;064208_38;064209_39;064210_40;064211_41;064212_42;064213_43;064214_44;064215_45;064216_46;064217_47;064218_48;064219_49;064220_50;064221_51;064222_52;064223_53;064224_54;064225_55;064226_56;064227_57;064228_58;064230_60;064231_61;064232_62;064233_63;064234_64;064235_65;064236_66;064237_67;064238_68;064239_69;064240_70;064241_71;064242_72;064243_73;064244_74;064245_75;064246_76;064247_77;064248_78;064249_79;064250_80;064251_81;064252_82;064253_83;064254_84;064255_85;064256_86;064257_87;064258_88;064259_89;064260_90;064261_91;064262_92;064263_93;064264_94;064265_95;064266_96;064267_97;064268_98;064269_99;064270_100;064271_101;064272_102;064273_103;064274_104;064275_105;064276_106;064277_107;235627_59B
cap8P,VFDB,107,107,100.0%,064171_1;064172_2;064173_3;064174_4;064175_5;064176_6;064177_7;064178_8;064179_9;064180_10;064181_11;064182_12;064183_13;064184_14;064185_15;064186_16;064187_17;064188_18;064189_19;064190_20;064191_21;064192_22;064193_23;064194_24;064195_25;064196_26;064197_27;064198_28;064199_29;064200_30;064201_31;064202_32;064203_33;064204_34;064205_35;064206_36;064207_37;064208_38;064209_39;064210_40;064211_41;064212_42;064213_43;064214_44;064215_45;064216_46;064217_47;064218_48;064219_49;064220_50;064221_51;064222_52;064223_53;064224_54;064225_55;064226_56;064227_57;064228_58;064230_60;064231_61;064232_62;064233_63;064234_64;064235_65;064236_66;064237_67;064238_68;064239_69;064240_70;064241_71;064242_72;064243_73;064244_74;064245_75;064246_76;064247_77;064248_78;064249_79;064250_80;064251_81;064252_82;064253_83;064254_84;064255_85;064256_86;064257_87;064258_88;064259_89;064260_90;064261_91;064262_92;064263_93;064264_94;064265_95;064266_96;064267_97;064268_98;064269_99;064270_100;064271_101;064272_102;064273_103;064274_104;064275_105;064276_106;064277_107;235627_59B
isdI,VFDB,107,107,100.0%,064171_1;064172_2;064173_3;064174_4;064175_5;064176_6;064177_7;064178_8;064179_9;064180_10;064181_11;064182_12;064183_13;064184_14;064185_15;064186_16;064187_17;064188_18;064189_19;064190_20;064191_21;064192_22;064193_23;064194_24;064195_25;064196_26;064197_27;064198_28;064199_29;064200_30;064201_31;064202_32;064203_33;064204_34;064205_35;064206_36;064207_37;064208_38;064209_39;064210_40;064211_41;064212_42;064213_43;064214_44;064215_45;064216_46;064217_47;064218_48;064219_49;064220_50;064221_51;064222_52;064223_53;064224_54;064225_55;064226_56;064227_57;064228_58;064230_60;064231_61;064232_62;064233_63;064234_64;064235_65;064236_66;064237_67;064238_68;064239_69;064240_70;064241_71;064242_72;064243_73;064244_74;064245_75;064246_76;064247_77;064248_78;064249_79;064250_80;064251_81;064252_82;064253_83;064254_84;064255_85;064256_86;064257_87;064258_88;064259_89;064260_90;064261_91;064262_92;064263_93;064264_94;064265_95;064266_96;064267_97;064268_98;064269_99;064270_100;064271_101;064272_102;064273_103;064274_104;064275_105;064276_106;064277_107;235627_59B
esaA,VFDB,107,107,100.0%,064171_1;064172_2;064173_3;064174_4;064175_5;064176_6;064177_7;064178_8;064179_9;064180_10;064181_11;064182_12;064183_13;064184_14;064185_15;064186_16;064187_17;064188_18;064189_19;064190_20;064191_21;064192_22;064193_23;064194_24;064195_25;064196_26;064197_27;064198_28;064199_29;064200_30;064201_31;064202_32;064203_33;064204_34;064205_35;064206_36;064207_37;064208_38;064209_39;064210_40;064211_41;064212_42;064213_43;064214_44;064215_45;064216_46;064217_47;064218_48;064219_49;064220_50;064221_51;064222_52;064223_53;064224_54;064225_55;064226_56;064227_57;064228_58;064230_60;064231_61;064232_62;064233_63;064234_64;064235_65;064236_66;064237_67;064238_68;064239_69;064240_70;064241_71;064242_72;064243_73;064244_74;064245_75;064246_76;064247_77;064248_78;064249_79;064250_80;064251_81;064252_82;064253_83;064254_84;064255_85;064256_86;064257_87;064258_88;064259_89;064260_90;064261_91;064262_92;064263_93;064264_94;064265_95;064266_96;064267_97;064268_98;064269_99;064270_100;064271_101;064272_102;064273_103;064274_104;064275_105;064276_106;064277_107;235627_59B
essA,VFDB,107,107,100.0%,064171_1;064172_2;064173_3;064174_4;064175_5;064176_6;064177_7;064178_8;064179_9;064180_10;064181_11;064182_12;064183_13;064184_14;064185_15;064186_16;064187_17;064188_18;064189_19;064190_20;064191_21;064192_22;064193_23;064194_24;064195_25;064196_26;064197_27;064198_28;064199_29;064200_30;064201_31;064202_32;064203_33;064204_34;064205_35;064206_36;064207_37;064208_38;064209_39;064210_40;064211_41;064212_42;064213_43;064214_44;064215_45;064216_46;064217_47;064218_48;064219_49;064220_50;064221_51;064222_52;064223_53;064224_54;064225_55;064226_56;064227_57;064228_58;064230_60;064231_61;064232_62;064233_63;064234_64;064235_65;064236_66;064237_67;064238_68;064239_69;064240_70;064241_71;064242_72;064243_73;064244_74;064245_75;064246_76;064247_77;064248_78;064249_79;064250_80;064251_81;064252_82;064253_83;064254_84;064255_85;064256_86;064257_87;064258_88;064259_89;064260_90;064261_91;064262_92;064263_93;064264_94;064265_95;064266_96;064267_97;064268_98;064269_99;064270_100;064271_101;064272_102;064273_103;064274_104;064275_105;064276_106;064277_107;235627_59B
esaB,VFDB,107,107,100.0%,064171_1;064172_2;064173_3;064174_4;064175_5;064176_6;064177_7;064178_8;064179_9;064180_10;064181_11;064182_12;064183_13;064184_14;064185_15;064186_16;064187_17;064188_18;064189_19;064190_20;064191_21;064192_22;064193_23;064194_24;064195_25;064196_26;064197_27;064198_28;064199_29;064200_30;064201_31;064202_32;064203_33;064204_34;064205_35;064206_36;064207_37;064208_38;064209_39;064210_40;064211_41;064212_42;064213_43;064214_44;064215_45;064216_46;064217_47;064218_48;064219_49;064220_50;064221_51;064222_52;064223_53;064224_54;064225_55;064226_56;064227_57;064228_58;064230_60;064231_61;064232_62;064233_63;064234_64;064235_65;064236_66;064237_67;064238_68;064239_69;064240_70;064241_71;064242_72;064243_73;064244_74;064245_75;064246_76;064247_77;064248_78;064249_79;064250_80;064251_81;064252_82;064253_83;064254_84;064255_85;064256_86;064257_87;064258_88;064259_89;064260_90;064261_91;064262_92;064263_93;064264_94;064265_95;064266_96;064267_97;064268_98;064269_99;064270_100;064271_101;064272_102;064273_103;064274_104;064275_105;064276_106;064277_107;235627_59B
essB,VFDB,107,107,100.0%,064171_1;064172_2;064173_3;064174_4;064175_5;064176_6;064177_7;064178_8;064179_9;064180_10;064181_11;064182_12;064183_13;064184_14;064185_15;064186_16;064187_17;064188_18;064189_19;064190_20;064191_21;064192_22;064193_23;064194_24;064195_25;064196_26;064197_27;064198_28;064199_29;064200_30;064201_31;064202_32;064203_33;064204_34;064205_35;064206_36;064207_37;064208_38;064209_39;064210_40;064211_41;064212_42;064213_43;064214_44;064215_45;064216_46;064217_47;064218_48;064219_49;064220_50;064221_51;064222_52;064223_53;064224_54;064225_55;064226_56;064227_57;064228_58;064230_60;064231_61;064232_62;064233_63;064234_64;064235_65;064236_66;064237_67;064238_68;064239_69;064240_70;064241_71;064242_72;064243_73;064244_74;064245_75;064246_76;064247_77;064248_78;064249_79;064250_80;064251_81;064252_82;064253_83;064254_84;064255_85;064256_86;064257_87;064258_88;064259_89;064260_90;064261_91;064262_92;064263_93;064264_94;064265_95;064266_96;064267_97;064268_98;064269_99;064270_100;064271_101;064272_102;064273_103;064274_104;064275_105;064276_106;064277_107;235627_59B
esaG,VFDB,107,107,100.0%,064171_1;064172_2;064173_3;064174_4;064175_5;064176_6;064177_7;064178_8;064179_9;064180_10;064181_11;064182_12;064183_13;064184_14;064185_15;064186_16;064187_17;064188_18;064189_19;064190_20;064191_21;064192_22;064193_23;064194_24;064195_25;064196_26;064197_27;064198_28;064199_29;064200_30;064201_31;064202_32;064203_33;064204_34;064205_35;064206_36;064207_37;064208_38;064209_39;064210_40;064211_41;064212_42;064213_43;064214_44;064215_45;064216_46;064217_47;064218_48;064219_49;064220_50;064221_51;064222_52;064223_53;064224_54;064225_55;064226_56;064227_57;064228_58;064230_60;064231_61;064232_62;064233_63;064234_64;064235_65;064236_66;064237_67;064238_68;064239_69;064240_70;064241_71;064242_72;064243_73;064244_74;064245_75;064246_76;064247_77;064248_78;064249_79;064250_80;064251_81;064252_82;064253_83;064254_84;064255_85;064256_86;064257_87;064258_88;064259_89;064260_90;064261_91;064262_92;064263_93;064264_94;064265_95;064266_96;064267_97;064268_98;064269_99;064270_100;064271_101;064272_102;064273_103;064274_104;064275_105;064276_106;064277_107;235627_59B
geh,VFDB,107,107,100.0%,064171_1;064172_2;064173_3;064174_4;064175_5;064176_6;064177_7;064178_8;064179_9;064180_10;064181_11;064182_12;064183_13;064184_14;064185_15;064186_16;064187_17;064188_18;064189_19;064190_20;064191_21;064192_22;064193_23;064194_24;064195_25;064196_26;064197_27;064198_28;064199_29;064200_30;064201_31;064202_32;064203_33;064204_34;064205_35;064206_36;064207_37;064208_38;064209_39;064210_40;064211_41;064212_42;064213_43;064214_44;064215_45;064216_46;064217_47;064218_48;064219_49;064220_50;064221_51;064222_52;064223_53;064224_54;064225_55;064226_56;064227_57;064228_58;064230_60;064231_61;064232_62;064233_63;064234_64;064235_65;064236_66;064237_67;064238_68;064239_69;064240_70;064241_71;064242_72;064243_73;064244_74;064245_75;064246_76;064247_77;064248_78;064249_79;064250_80;064251_81;064252_82;064253_83;064254_84;064255_85;064256_86;064257_87;064258_88;064259_89;064260_90;064261_91;064262_92;064263_93;064264_94;064265_95;064266_96;064267_97;064268_98;064269_99;064270_100;064271_101;064272_102;064273_103;064274_104;064275_105;064276_106;064277_107;235627_59B
set16,VFDB,107,107,100.0%,064171_1;064172_2;064173_3;064174_4;064175_5;064176_6;064177_7;064178_8;064179_9;064180_10;064181_11;064182_12;064183_13;064184_14;064185_15;064186_16;064187_17;064188_18;064189_19;064190_20;064191_21;064192_22;064193_23;064194_24;064195_25;064196_26;064197_27;064198_28;064199_29;064200_30;064201_31;064202_32;064203_33;064204_34;064205_35;064206_36;064207_37;064208_38;064209_39;064210_40;064211_41;064212_42;064213_43;064214_44;064215_45;064216_46;064217_47;064218_48;064219_49;064220_50;064221_51;064222_52;064223_53;064224_54;064225_55;064226_56;064227_57;064228_58;064230_60;064231_61;064232_62;064233_63;064234_64;064235_65;064236_66;064237_67;064238_68;064239_69;064240_70;064241_71;064242_72;064243_73;064244_74;064245_75;064246_76;064247_77;064248_78;064249_79;064250_80;064251_81;064252_82;064253_83;064254_84;064255_85;064256_86;064257_87;064258_88;064259_89;064260_90;064261_91;064262_92;064263_93;064264_94;064265_95;064266_96;064267_97;064268_98;064269_99;064270_100;064271_101;064272_102;064273_103;064274_104;064275_105;064276_106;064277_107;235627_59B
set17,VFDB,107,107,100.0%,064171_1;064172_2;064173_3;064174_4;064175_5;064176_6;064177_7;064178_8;064179_9;064180_10;064181_11;064182_12;064183_13;064184_14;064185_15;064186_16;064187_17;064188_18;064189_19;064190_20;064191_21;064192_22;064193_23;064194_24;064195_25;064196_26;064197_27;064198_28;064199_29;064200_30;064201_31;064202_32;064203_33;064204_34;064205_35;064206_36;064207_37;064208_38;064209_39;064210_40;064211_41;064212_42;064213_43;064214_44;064215_45;064216_46;064217_47;064218_48;064219_49;064220_50;064221_51;064222_52;064223_53;064224_54;064225_55;064226_56;064227_57;064228_58;064230_60;064231_61;064232_62;064233_63;064234_64;064235_65;064236_66;064237_67;064238_68;064239_69;064240_70;064241_71;064242_72;064243_73;064244_74;064245_75;064246_76;064247_77;064248_78;064249_79;064250_80;064251_81;064252_82;064253_83;064254_84;064255_85;064256_86;064257_87;064258_88;064259_89;064260_90;064261_91;064262_92;064263_93;064264_94;064265_95;064266_96;064267_97;064268_98;064269_99;064270_100;064271_101;064272_102;064273_103;064274_104;064275_105;064276_106;064277_107;235627_59B
set20,VFDB,107,107,100.0%,064171_1;064172_2;064173_3;064174_4;064175_5;064176_6;064177_7;064178_8;064179_9;064180_10;064181_11;064182_12;064183_13;064184_14;064185_15;064186_16;064187_17;064188_18;064189_19;064190_20;064191_21;064192_22;064193_23;064194_24;064195_25;064196_26;064197_27;064198_28;064199_29;064200_30;064201_31;064202_32;064203_33;064204_34;064205_35;064206_36;064207_37;064208_38;064209_39;064210_40;064211_41;064212_42;064213_43;064214_44;064215_45;064216_46;064217_47;064218_48;064219_49;064220_50;064221_51;064222_52;064223_53;064224_54;064225_55;064226_56;064227_57;064228_58;064230_60;064231_61;064232_62;064233_63;064234_64;064235_65;064236_66;064237_67;064238_68;064239_69;064240_70;064241_71;064242_72;064243_73;064244_74;064245_75;064246_76;064247_77;064248_78;064249_79;064250_80;064251_81;064252_82;064253_83;064254_84;064255_85;064256_86;064257_87;064258_88;064259_89;064260_90;064261_91;064262_92;064263_93;064264_94;064265_95;064266_96;064267_97;064268_98;064269_99;064270_100;064271_101;064272_102;064273_103;064274_104;064275_105;064276_106;064277_107;235627_59B
set22,VFDB,107,107,100.0%,064171_1;064172_2;064173_3;064174_4;064175_5;064176_6;064177_7;064178_8;064179_9;064180_10;064181_11;064182_12;064183_13;064184_14;064185_15;064186_16;064187_17;064188_18;064189_19;064190_20;064191_21;064192_22;064193_23;064194_24;064195_25;064196_26;064197_27;064198_28;064199_29;064200_30;064201_31;064202_32;064203_33;064204_34;064205_35;064206_36;064207_37;064208_38;064209_39;064210_40;064211_41;064212_42;064213_43;064214_44;064215_45;064216_46;064217_47;064218_48;064219_49;064220_50;064221_51;064222_52;064223_53;064224_54;064225_55;064226_56;064227_57;064228_58;064230_60;064231_61;064232_62;064233_63;064234_64;064235_65;064236_66;064237_67;064238_68;064239_69;064240_70;064241_71;064242_72;064243_73;064244_74;064245_75;064246_76;064247_77;064248_78;064249_79;064250_80;064251_81;064252_82;064253_83;064254_84;064255_85;064256_86;064257_87;064258_88;064259_89;064260_90;064261_91;064262_92;064263_93;064264_94;064265_95;064266_96;064267_97;064268_98;064269_99;064270_100;064271_101;064272_102;064273_103;064274_104;064275_105;064276_106;064277_107;235627_59B
set25,VFDB,107,107,100.0%,064171_1;064172_2;064173_3;064174_4;064175_5;064176_6;064177_7;064178_8;064179_9;064180_10;064181_11;064182_12;064183_13;064184_14;064185_15;064186_16;064187_17;064188_18;064189_19;064190_20;064191_21;064192_22;064193_23;064194_24;064195_25;064196_26;064197_27;064198_28;064199_29;064200_30;064201_31;064202_32;064203_33;064204_34;064205_35;064206_36;064207_37;064208_38;064209_39;064210_40;064211_41;064212_42;064213_43;064214_44;064215_45;064216_46;064217_47;064218_48;064219_49;064220_50;064221_51;064222_52;064223_53;064224_54;064225_55;064226_56;064227_57;064228_58;064230_60;064231_61;064232_62;064233_63;064234_64;064235_65;064236_66;064237_67;064238_68;064239_69;064240_70;064241_71;064242_72;064243_73;064244_74;064245_75;064246_76;064247_77;064248_78;064249_79;064250_80;064251_81;064252_82;064253_83;064254_84;064255_85;064256_86;064257_87;064258_88;064259_89;064260_90;064261_91;064262_92;064263_93;064264_94;064265_95;064266_96;064267_97;064268_98;064269_99;064270_100;064271_101;064272_102;064273_103;064274_104;064275_105;064276_106;064277_107;235627_59B
hysA,VFDB,107,107,100.0%,064171_1;064172_2;064173_3;064174_4;064175_5;064176_6;064177_7;064178_8;064179_9;064180_10;064181_11;064182_12;064183_13;064184_14;064185_15;064186_16;064187_17;064188_18;064189_19;064190_20;064191_21;064192_22;064193_23;064194_24;064195_25;064196_26;064197_27;064198_28;064199_29;064200_30;064201_31;064202_32;064203_33;064204_34;064205_35;064206_36;064207_37;064208_38;064209_39;064210_40;064211_41;064212_42;064213_43;064214_44;064215_45;064216_46;064217_47;064218_48;064219_49;064220_50;064221_51;064222_52;064223_53;064224_54;064225_55;064226_56;064227_57;064228_58;064230_60;064231_61;064232_62;064233_63;064234_64;064235_65;064236_66;064237_67;064238_68;064239_69;064240_70;064241_71;064242_72;064243_73;064244_74;064245_75;064246_76;064247_77;064248_78;064249_79;064250_80;064251_81;064252_82;064253_83;064254_84;064255_85;064256_86;064257_87;064258_88;064259_89;064260_90;064261_91;064262_92;064263_93;064264_94;064265_95;064266_96;064267_97;064268_98;064269_99;064270_100;064271_101;064272_102;064273_103;064274_104;064275_105;064276_106;064277_107;235627_59B
sbi,VFDB,107,107,100.0%,064171_1;064172_2;064173_3;064174_4;064175_5;064176_6;064177_7;064178_8;064179_9;064180_10;064181_11;064182_12;064183_13;064184_14;064185_15;064186_16;064187_17;064188_18;064189_19;064190_20;064191_21;064192_22;064193_23;064194_24;064195_25;064196_26;064197_27;064198_28;064199_29;064200_30;064201_31;064202_32;064203_33;064204_34;064205_35;064206_36;064207_37;064208_38;064209_39;064210_40;064211_41;064212_42;064213_43;064214_44;064215_45;064216_46;064217_47;064218_48;064219_49;064220_50;064221_51;064222_52;064223_53;064224_54;064225_55;064226_56;064227_57;064228_58;064230_60;064231_61;064232_62;064233_63;064234_64;064235_65;064236_66;064237_67;064238_68;064239_69;064240_70;064241_71;064242_72;064243_73;064244_74;064245_75;064246_76;064247_77;064248_78;064249_79;064250_80;064251_81;064252_82;064253_83;064254_84;064255_85;064256_86;064257_87;064258_88;064259_89;064260_90;064261_91;064262_92;064263_93;064264_94;064265_95;064266_96;064267_97;064268_98;064269_99;064270_100;064271_101;064272_102;064273_103;064274_104;064275_105;064276_106;064277_107;235627_59B
hlgA,VFDB,107,107,100.0%,064171_1;064172_2;064173_3;064174_4;064175_5;064176_6;064177_7;064178_8;064179_9;064180_10;064181_11;064182_12;064183_13;064184_14;064185_15;064186_16;064187_17;064188_18;064189_19;064190_20;064191_21;064192_22;064193_23;064194_24;064195_25;064196_26;064197_27;064198_28;064199_29;064200_30;064201_31;064202_32;064203_33;064204_34;064205_35;064206_36;064207_37;064208_38;064209_39;064210_40;064211_41;064212_42;064213_43;064214_44;064215_45;064216_46;064217_47;064218_48;064219_49;064220_50;064221_51;064222_52;064223_53;064224_54;064225_55;064226_56;064227_57;064228_58;064230_60;064231_61;064232_62;064233_63;064234_64;064235_65;064236_66;064237_67;064238_68;064239_69;064240_70;064241_71;064242_72;064243_73;064244_74;064245_75;064246_76;064247_77;064248_78;064249_79;064250_80;064251_81;064252_82;064253_83;064254_84;064255_85;064256_86;064257_87;064258_88;064259_89;064260_90;064261_91;064262_92;064263_93;064264_94;064265_95;064266_96;064267_97;064268_98;064269_99;064270_100;064271_101;064272_102;064273_103;064274_104;064275_105;064276_106;064277_107;235627_59B
hlgC,VFDB,107,107,100.0%,064171_1;064172_2;064173_3;064174_4;064175_5;064176_6;064177_7;064178_8;064179_9;064180_10;064181_11;064182_12;064183_13;064184_14;064185_15;064186_16;064187_17;064188_18;064189_19;064190_20;064191_21;064192_22;064193_23;064194_24;064195_25;064196_26;064197_27;064198_28;064199_29;064200_30;064201_31;064202_32;064203_33;064204_34;064205_35;064206_36;064207_37;064208_38;064209_39;064210_40;064211_41;064212_42;064213_43;064214_44;064215_45;064216_46;064217_47;064218_48;064219_49;064220_50;064221_51;064222_52;064223_53;064224_54;064225_55;064226_56;064227_57;064228_58;064230_60;064231_61;064232_62;064233_63;064234_64;064235_65;064236_66;064237_67;064238_68;064239_69;064240_70;064241_71;064242_72;064243_73;064244_74;064245_75;064246_76;064247_77;064248_78;064249_79;064250_80;064251_81;064252_82;064253_83;064254_84;064255_85;064256_86;064257_87;064258_88;064259_89;064260_90;064261_91;064262_92;064263_93;064264_94;064265_95;064266_96;064267_97;064268_98;064269_99;064270_100;064271_101;064272_102;064273_103;064274_104;064275_105;064276_106;064277_107;235627_59B
hlgB,VFDB,107,107,100.0%,064171_1;064172_2;064173_3;064174_4;064175_5;064176_6;064177_7;064178_8;064179_9;064180_10;064181_11;064182_12;064183_13;064184_14;064185_15;064186_16;064187_17;064188_18;064189_19;064190_20;064191_21;064192_22;064193_23;064194_24;064195_25;064196_26;064197_27;064198_28;064199_29;064200_30;064201_31;064202_32;064203_33;064204_34;064205_35;064206_36;064207_37;064208_38;064209_39;064210_40;064211_41;064212_42;064213_43;064214_44;064215_45;064216_46;064217_47;064218_48;064219_49;064220_50;064221_51;064222_52;064223_53;064224_54;064225_55;064226_56;064227_57;064228_58;064230_60;064231_61;064232_62;064233_63;064234_64;064235_65;064236_66;064237_67;064238_68;064239_69;064240_70;064241_71;064242_72;064243_73;064244_74;064245_75;064246_76;064247_77;064248_78;064249_79;064250_80;064251_81;064252_82;064253_83;064254_84;064255_85;064256_86;064257_87;064258_88;064259_89;064260_90;064261_91;064262_92;064263_93;064264_94;064265_95;064266_96;064267_97;064268_98;064269_99;064270_100;064271_101;064272_102;064273_103;064274_104;064275_105;064276_106;064277_107;235627_59B
fnbA,VFDB,107,107,100.0%,064171_1;064172_2;064173_3;064174_4;064175_5;064176_6;064177_7;064178_8;064179_9;064180_10;064181_11;064182_12;064183_13;064184_14;064185_15;064186_16;064187_17;064188_18;064189_19;064190_20;064191_21;064192_22;064193_23;064194_24;064195_25;064196_26;064197_27;064198_28;064199_29;064200_30;064201_31;064202_32;064203_33;064204_34;064205_35;064206_36;064207_37;064208_38;064209_39;064210_40;064211_41;064212_42;064213_43;064214_44;064215_45;064216_46;064217_47;064218_48;064219_49;064220_50;064221_51;064222_52;064223_53;064224_54;064225_55;064226_56;064227_57;064228_58;064230_60;064231_61;064232_62;064233_63;064234_64;064235_65;064236_66;064237_67;064238_68;064239_69;064240_70;064241_71;064242_72;064243_73;064244_74;064245_75;064246_76;064247_77;064248_78;064249_79;064250_80;064251_81;064252_82;064253_83;064254_84;064255_85;064256_86;064257_87;064258_88;064259_89;064260_90;064261_91;064262_92;064263_93;064264_94;064265_95;064266_96;064267_97;064268_98;064269_99;064270_100;064271_101;064272_102;064273_103;064274_104;064275_105;064276_106;064277_107;235627_59B
hld,VFDB,107,107,100.0%,064171_1;064172_2;064173_3;064174_4;064175_5;064176_6;064177_7;064178_8;064179_9;064180_10;064181_11;064182_12;064183_13;064184_14;064185_15;064186_16;064187_17;064188_18;064189_19;064190_20;064191_21;064192_22;064193_23;064194_24;064195_25;064196_26;064197_27;064198_28;064199_29;064200_30;064201_31;064202_32;064203_33;064204_34;064205_35;064206_36;064207_37;064208_38;064209_39;064210_40;064211_41;064212_42;064213_43;064214_44;064215_45;064216_46;064217_47;064218_48;064219_49;064220_50;064221_51;064222_52;064223_53;064224_54;064225_55;064226_56;064227_57;064228_58;064230_60;064231_61;064232_62;064233_63;064234_64;064235_65;064236_66;064237_67;064238_68;064239_69;064240_70;064241_71;064242_72;064243_73;064244_74;064245_75;064246_76;064247_77;064248_78;064249_79;064250_80;064251_81;064252_82;064253_83;064254_84;064255_85;064256_86;064257_87;064258_88;064259_89;064260_90;064261_91;064262_92;064263_93;064264_94;064265_95;064266_96;064267_97;064268_98;064269_99;064270_100;064271_101;064272_102;064273_103;064274_104;064275_105;064276_106;064277_107;235627_59B
hlb,VFDB,107,107,100.0%,064171_1;064172_2;064173_3;064174_4;064175_5;064176_6;064177_7;064178_8;064179_9;064180_10;064181_11;064182_12;064183_13;064184_14;064185_15;064186_16;064187_17;064188_18;064189_19;064190_20;064191_21;064192_22;064193_23;064194_24;064195_25;064196_26;064197_27;064198_28;064199_29;064200_30;064201_31;064202_32;064203_33;064204_34;064205_35;064206_36;064207_37;064208_38;064209_39;064210_40;064211_41;064212_42;064213_43;064214_44;064215_45;064216_46;064217_47;064218_48;064219_49;064220_50;064221_51;064222_52;064223_53;064224_54;064225_55;064226_56;064227_57;064228_58;064230_60;064231_61;064232_62;064233_63;064234_64;064235_65;064236_66;064237_67;064238_68;064239_69;064240_70;064241_71;064242_72;064243_73;064244_74;064245_75;064246_76;064247_77;064248_78;064249_79;064250_80;064251_81;064252_82;064253_83;064254_84;064255_85;064256_86;064257_87;064258_88;064259_89;064260_90;064261_91;064262_92;064263_93;064264_94;064265_95;064266_96;064267_97;064268_98;064269_99;064270_100;064271_101;064272_102;064273_103;064274_104;064275_105;064276_106;064277_107;235627_59B
clfA,VFDB,106,106,99.1%,064171_1;064172_2;064173_3;064174_4;064175_5;064176_6;064177_7;064178_8;064179_9;064180_10;064181_11;064182_12;064183_13;064184_14;064185_15;064186_16;064187_17;064188_18;064189_19;064190_20;064191_21;064192_22;064193_23;064194_24;064195_25;064196_26;064197_27;064198_28;064199_29;064200_30;064201_31;064202_32;064203_33;064204_34;064205_35;064206_36;064207_37;064208_38;064209_39;064210_40;064211_41;064212_42;064213_43;064214_44;064215_45;064216_46;064218_48;064219_49;064220_50;064221_51;064222_52;064223_53;064224_54;064225_55;064226_56;064227_57;064228_58;064230_60;064231_61;064232_62;064233_63;064234_64;064235_65;064236_66;064237_67;064238_68;064239_69;064240_70;064241_71;064242_72;064243_73;064244_74;064245_75;064246_76;064247_77;064248_78;064249_79;064250_80;064251_81;064252_82;064253_83;064254_84;064255_85;064256_86;064257_87;064258_88;064259_89;064260_90;064261_91;064262_92;064263_93;064264_94;064265_95;064266_96;064267_97;064268_98;064269_99;064270_100;064271_101;064272_102;064273_103;064274_104;064275_105;064276_106;064277_107;235627_59B
esxA,VFDB,106,106,99.1%,064171_1;064172_2;064173_3;064174_4;064175_5;064176_6;064177_7;064178_8;064179_9;064180_10;064181_11;064182_12;064183_13;064184_14;064185_15;064186_16;064187_17;064188_18;064189_19;064190_20;064191_21;064192_22;064193_23;064194_24;064195_25;064196_26;064197_27;064198_28;064199_29;064200_30;064201_31;064202_32;064203_33;064204_34;064205_35;064206_36;064207_37;064208_38;064209_39;064210_40;064211_41;064213_43;064214_44;064215_45;064216_46;064217_47;064218_48;064219_49;064220_50;064221_51;064222_52;064223_53;064224_54;064225_55;064226_56;064227_57;064228_58;064230_60;064231_61;064232_62;064233_63;064234_64;064235_65;064236_66;064237_67;064238_68;064239_69;064240_70;064241_71;064242_72;064243_73;064244_74;064245_75;064246_76;064247_77;064248_78;064249_79;064250_80;064251_81;064252_82;064253_83;064254_84;064255_85;064256_86;064257_87;064258_88;064259_89;064260_90;064261_91;064262_92;064263_93;064264_94;064265_95;064266_96;064267_97;064268_98;064269_99;064270_100;064271_101;064272_102;064273_103;064274_104;064275_105;064276_106;064277_107;235627_59B
scn,VFDB,104,104,97.2%,064171_1;064172_2;064173_3;064174_4;064175_5;064176_6;064177_7;064178_8;064179_9;064180_10;064181_11;064182_12;064183_13;064184_14;064185_15;064186_16;064187_17;064188_18;064189_19;064190_20;064191_21;064192_22;064193_23;064194_24;064195_25;064196_26;064197_27;064198_28;064199_29;064200_30;064201_31;064203_33;064204_34;064205_35;064206_36;064207_37;064208_38;064209_39;064210_40;064211_41;064212_42;064214_44;064215_45;064216_46;064217_47;064218_48;064219_49;064220_50;064221_51;064222_52;064223_53;064224_54;064225_55;064226_56;064227_57;064228_58;064230_60;064231_61;064232_62;064233_63;064234_64;064235_65;064236_66;064237_67;064238_68;064239_69;064240_70;064241_71;064242_72;064243_73;064244_74;064245_75;064246_76;064247_77;064248_78;064249_79;064250_80;064251_81;064252_82;064253_83;064254_84;064255_85;064256_86;064257_87;064258_88;064259_89;064260_90;064261_91;064262_92;064264_94;064265_95;064266_96;064267_97;064268_98;064269_99;064270_100;064271_101;064272_102;064273_103;064274_104;064275_105;064276_106;064277_107;235627_59B
ebp,VFDB,101,101,94.4%,064171_1;064172_2;064173_3;064174_4;064175_5;064176_6;064177_7;064178_8;064179_9;064180_10;064181_11;064182_12;064184_14;064185_15;064186_16;064187_17;064188_18;064189_19;064190_20;064191_21;064192_22;064193_23;064194_24;064195_25;064196_26;064197_27;064198_28;064199_29;064200_30;064201_31;064202_32;064203_33;064204_34;064206_36;064207_37;064208_38;064209_39;064210_40;064211_41;064212_42;064213_43;064214_44;064215_45;064216_46;064217_47;064218_48;064219_49;064220_50;064221_51;064222_52;064223_53;064224_54;064225_55;064226_56;064227_57;064228_58;064230_60;064231_61;064232_62;064233_63;064234_64;064236_66;064237_67;064238_68;064239_69;064240_70;064241_71;064243_73;064244_74;064246_76;064247_77;064248_78;064249_79;064250_80;064251_81;064252_82;064253_83;064254_84;064255_85;064256_86;064257_87;064258_88;064259_89;064260_90;064261_91;064262_92;064263_93;064264_94;064265_95;064266_96;064267_97;064268_98;064269_99;064270_100;064271_101;064272_102;064273_103;064274_104;064275_105;064277_107;235627_59B
fnbB,VFDB,98,98,91.6%,064171_1;064172_2;064173_3;064174_4;064175_5;064176_6;064177_7;064178_8;064179_9;064180_10;064181_11;064182_12;064183_13;064184_14;064185_15;064187_17;064188_18;064189_19;064191_21;064192_22;064194_24;064195_25;064196_26;064197_27;064198_28;064199_29;064200_30;064201_31;064202_32;064203_33;064204_34;064205_35;064206_36;064207_37;064208_38;064209_39;064210_40;064211_41;064212_42;064213_43;064214_44;064216_46;064217_47;064218_48;064219_49;064221_51;064222_52;064223_53;064224_54;064225_55;064226_56;064227_57;064231_61;064232_62;064233_63;064234_64;064235_65;064236_66;064237_67;064238_68;064239_69;064240_70;064241_71;064242_72;064244_74;064245_75;064246_76;064247_77;064248_78;064249_79;064250_80;064251_81;064252_82;064253_83;064254_84;064255_85;064256_86;064257_87;064258_88;064259_89;064260_90;064261_91;064262_92;064263_93;064264_94;064265_95;064266_96;064267_97;064268_98;064269_99;064270_100;064272_102;064273_103;064274_104;064275_105;064276_106;064277_107;235627_59B
lukF-PV,VFDB,98,98,91.6%,064171_1;064172_2;064173_3;064174_4;064175_5;064176_6;064177_7;064178_8;064179_9;064180_10;064181_11;064182_12;064183_13;064184_14;064185_15;064186_16;064187_17;064188_18;064189_19;064190_20;064191_21;064192_22;064193_23;064194_24;064195_25;064196_26;064197_27;064198_28;064199_29;064201_31;064202_32;064203_33;064204_34;064205_35;064206_36;064207_37;064209_39;064210_40;064211_41;064212_42;064213_43;064214_44;064215_45;064217_47;064218_48;064219_49;064220_50;064221_51;064222_52;064223_53;064224_54;064226_56;064228_58;064230_60;064231_61;064232_62;064233_63;064234_64;064235_65;064236_66;064237_67;064238_68;064239_69;064241_71;064242_72;064243_73;064244_74;064245_75;064246_76;064247_77;064248_78;064249_79;064250_80;064251_81;064252_82;064253_83;064255_85;064256_86;064257_87;064260_90;064261_91;064262_92;064263_93;064264_94;064265_95;064266_96;064267_97;064268_98;064269_99;064270_100;064271_101;064272_102;064273_103;064274_104;064275_105;064276_106;064277_107;235627_59B
sdrC,VFDB,92,92,86.0%,064171_1;064172_2;064173_3;064174_4;064176_6;064178_8;064179_9;064180_10;064181_11;064182_12;064183_13;064186_16;064187_17;064188_18;064190_20;064191_21;064192_22;064193_23;064195_25;064196_26;064197_27;064198_28;064199_29;064200_30;064201_31;064202_32;064203_33;064204_34;064205_35;064206_36;064208_38;064209_39;064210_40;064211_41;064212_42;064213_43;064214_44;064215_45;064216_46;064217_47;064218_48;064219_49;064220_50;064221_51;064222_52;064223_53;064225_55;064226_56;064227_57;064228_58;064230_60;064231_61;064232_62;064233_63;064234_64;064235_65;064236_66;064237_67;064238_68;064239_69;064240_70;064241_71;064242_72;064243_73;064244_74;064245_75;064247_77;064248_78;064249_79;064251_81;064252_82;064254_84;064257_87;064258_88;064259_89;064260_90;064261_91;064262_92;064263_93;064264_94;064265_95;064267_97;064268_98;064269_99;064271_101;064272_102;064273_103;064274_104;064275_105;064276_106;064277_107;235627_59B
harA,VFDB,92,92,86.0%,064171_1;064172_2;064173_3;064174_4;064176_6;064178_8;064179_9;064180_10;064181_11;064182_12;064183_13;064186_16;064187_17;064188_18;064190_20;064191_21;064192_22;064193_23;064195_25;064196_26;064197_27;064198_28;064199_29;064200_30;064201_31;064202_32;064203_33;064204_34;064205_35;064206_36;064208_38;064209_39;064210_40;064211_41;064212_42;064213_43;064214_44;064215_45;064216_46;064217_47;064218_48;064219_49;064220_50;064221_51;064222_52;064223_53;064225_55;064226_56;064227_57;064228_58;064230_60;064231_61;064232_62;064233_63;064234_64;064235_65;064236_66;064237_67;064238_68;064239_69;064240_70;064241_71;064242_72;064243_73;064244_74;064245_75;064247_77;064248_78;064249_79;064251_81;064252_82;064254_84;064257_87;064258_88;064259_89;064260_90;064261_91;064262_92;064263_93;064264_94;064265_95;064267_97;064268_98;064269_99;064271_101;064272_102;064273_103;064274_104;064275_105;064276_106;064277_107;235627_59B
sdrD,VFDB,91,91,85.0%,064171_1;064172_2;064173_3;064174_4;064175_5;064176_6;064177_7;064178_8;064179_9;064180_10;064181_11;064182_12;064184_14;064185_15;064186_16;064187_17;064189_19;064190_20;064191_21;064192_22;064193_23;064194_24;064195_25;064196_26;064197_27;064198_28;064199_29;064201_31;064202_32;064203_33;064204_34;064206_36;064207_37;064209_39;064210_40;064211_41;064212_42;064213_43;064214_44;064215_45;064217_47;064218_48;064219_49;064220_50;064221_51;064222_52;064223_53;064224_54;064226_56;064228_58;064230_60;064231_61;064232_62;064233_63;064234_64;064236_66;064237_67;064238_68;064243_73;064244_74;064246_76;064247_77;064248_78;064249_79;064250_80;064251_81;064252_82;064253_83;064254_84;064255_85;064256_86;064257_87;064259_89;064260_90;064261_91;064262_92;064263_93;064264_94;064265_95;064266_96;064267_97;064268_98;064269_99;064270_100;064271_101;064272_102;064273_103;064274_104;064275_105;064277_107;235627_59B
spa,VFDB,89,89,83.2%,064171_1;064172_2;064173_3;064174_4;064175_5;064176_6;064177_7;064178_8;064180_10;064181_11;064182_12;064184_14;064185_15;064186_16;064187_17;064188_18;064189_19;064190_20;064191_21;064192_22;064193_23;064194_24;064196_26;064197_27;064198_28;064199_29;064200_30;064201_31;064202_32;064203_33;064204_34;064206_36;064207_37;064208_38;064210_40;064212_42;064214_44;064215_45;064216_46;064217_47;064220_50;064221_51;064222_52;064224_54;064225_55;064226_56;064227_57;064228_58;064230_60;064231_61;064232_62;064233_63;064234_64;064236_66;064238_68;064239_69;064240_70;064241_71;064243_73;064244_74;064246_76;064247_77;064248_78;064249_79;064250_80;064251_81;064252_82;064253_83;064254_84;064255_85;064256_86;064258_88;064259_89;064260_90;064261_91;064262_92;064263_93;064264_94;064266_96;064268_98;064269_99;064270_100;064271_101;064272_102;064273_103;064274_104;064275_105;064277_107;235627_59B
set24,VFDB,89,89,83.2%,064171_1;064172_2;064173_3;064174_4;064176_6;064178_8;064179_9;064180_10;064181_11;064182_12;064183_13;064186_16;064187_17;064188_18;064190_20;064191_21;064192_22;064193_23;064195_25;064196_26;064198_28;064199_29;064200_30;064201_31;064202_32;064203_33;064204_34;064205_35;064206_36;064209_39;064210_40;064211_41;064212_42;064213_43;064214_44;064215_45;064216_46;064217_47;064218_48;064219_49;064220_50;064221_51;064222_52;064223_53;064225_55;064226_56;064228_58;064230_60;064231_61;064232_62;064233_63;064234_64;064235_65;064236_66;064237_67;064238_68;064239_69;064240_70;064241_71;064242_72;064243_73;064244_74;064245_75;064247_77;064248_78;064249_79;064251_81;064252_82;064254_84;064257_87;064258_88;064259_89;064260_90;064261_91;064262_92;064263_93;064264_94;064265_95;064267_97;064268_98;064269_99;064271_101;064272_102;064273_103;064274_104;064275_105;064276_106;064277_107;235627_59B
coa,VFDB,87,87,81.3%,064171_1;064172_2;064173_3;064174_4;064175_5;064176_6;064177_7;064178_8;064179_9;064180_10;064181_11;064182_12;064184_14;064185_15;064188_18;064189_19;064191_21;064192_22;064194_24;064195_25;064196_26;064197_27;064198_28;064199_29;064200_30;064201_31;064202_32;064203_33;064204_34;064206_36;064207_37;064208_38;064209_39;064210_40;064211_41;064212_42;064213_43;064216_46;064217_47;064218_48;064219_49;064221_51;064223_53;064224_54;064225_55;064226_56;064227_57;064231_61;064232_62;064233_63;064234_64;064236_66;064237_67;064238_68;064239_69;064240_70;064241_71;064244_74;064246_76;064247_77;064248_78;064249_79;064250_80;064251_81;064252_82;064253_83;064254_84;064255_85;064256_86;064257_87;064258_88;064259_89;064261_91;064262_92;064263_93;064264_94;064265_95;064266_96;064267_97;064269_99;064270_100;064272_102;064273_103;064274_104;064275_105;064277_107;235627_59B
eap/map,VFDB,86,86,80.4%,064171_1;064172_2;064173_3;064174_4;064176_6;064178_8;064179_9;064181_11;064182_12;064183_13;064186_16;064187_17;064188_18;064190_20;064191_21;064192_22;064193_23;064195_25;064196_26;064197_27;064198_28;064199_29;064200_30;064201_31;064202_32;064203_33;064204_34;064205_35;064206_36;064208_38;064210_40;064211_41;064212_42;064213_43;064214_44;064215_45;064216_46;064217_47;064218_48;064219_49;064220_50;064221_51;064222_52;064225_55;064226_56;064227_57;064228_58;064230_60;064231_61;064232_62;064233_63;064234_64;064235_65;064236_66;064237_67;064238_68;064239_69;064240_70;064241_71;064242_72;064243_73;064244_74;064245_75;064247_77;064248_78;064249_79;064251_81;064252_82;064257_87;064258_88;064259_89;064260_90;064261_91;064263_93;064264_94;064265_95;064267_97;064268_98;064269_99;064271_101;064272_102;064273_103;064274_104;064275_105;064276_106;235627_59B
set18,VFDB,78,78,72.9%,064171_1;064172_2;064173_3;064174_4;064176_6;064178_8;064179_9;064180_10;064181_11;064182_12;064183_13;064187_17;064188_18;064190_20;064191_21;064192_22;064195_25;064196_26;064197_27;064198_28;064199_29;064201_31;064202_32;064203_33;064204_34;064205_35;064206_36;064209_39;064210_40;064211_41;064212_42;064213_43;064214_44;064217_47;064218_48;064219_49;064221_51;064222_52;064223_53;064226_56;064230_60;064231_61;064232_62;064233_63;064234_64;064235_65;064236_66;064237_67;064238_68;064239_69;064241_71;064242_72;064244_74;064245_75;064247_77;064248_78;064249_79;064251_81;064252_82;064254_84;064257_87;064259_89;064260_90;064261_91;064262_92;064263_93;064264_94;064265_95;064267_97;064268_98;064269_99;064272_102;064273_103;064274_104;064275_105;064276_106;064277_107;235627_59B
set23,VFDB,78,78,72.9%,064171_1;064172_2;064173_3;064174_4;064176_6;064178_8;064179_9;064180_10;064181_11;064182_12;064183_13;064187_17;064188_18;064190_20;064191_21;064192_22;064195_25;064196_26;064197_27;064198_28;064199_29;064201_31;064202_32;064203_33;064204_34;064205_35;064206_36;064209_39;064210_40;064211_41;064212_42;064213_43;064214_44;064217_47;064218_48;064219_49;064221_51;064222_52;064223_53;064226_56;064230_60;064231_61;064232_62;064233_63;064234_64;064235_65;064236_66;064237_67;064238_68;064239_69;064241_71;064242_72;064244_74;064245_75;064247_77;064248_78;064249_79;064251_81;064252_82;064254_84;064257_87;064259_89;064260_90;064261_91;064262_92;064263_93;064264_94;064265_95;064267_97;064268_98;064269_99;064272_102;064273_103;064274_104;064275_105;064276_106;064277_107;235627_59B
lukS-PV,VFDB,75,75,70.1%,064171_1;064172_2;064174_4;064175_5;064176_6;064177_7;064178_8;064180_10;064182_12;064183_13;064184_14;064185_15;064186_16;064189_19;064190_20;064191_21;064192_22;064193_23;064194_24;064195_25;064196_26;064198_28;064201_31;064203_33;064204_34;064205_35;064206_36;064207_37;064209_39;064213_43;064215_45;064217_47;064218_48;064220_50;064221_51;064223_53;064224_54;064226_56;064228_58;064230_60;064231_61;064232_62;064234_64;064235_65;064236_66;064237_67;064238_68;064242_72;064243_73;064244_74;064245_75;064246_76;064247_77;064248_78;064249_79;064250_80;064251_81;064252_82;064253_83;064255_85;064256_86;064261_91;064262_92;064264_94;064266_96;064269_99;064270_100;064271_101;064272_102;064273_103;064274_104;064275_105;064276_106;064277_107;235627_59B
vWbp,VFDB,73,73,68.2%,064171_1;064172_2;064173_3;064174_4;064176_6;064178_8;064180_10;064181_11;064182_12;064183_13;064186_16;064191_21;064192_22;064193_23;064196_26;064197_27;064198_28;064199_29;064200_30;064201_31;064202_32;064203_33;064204_34;064205_35;064206_36;064208_38;064209_39;064210_40;064213_43;064215_45;064216_46;064217_47;064220_50;064221_51;064223_53;064225_55;064226_56;064227_57;064228_58;064231_61;064232_62;064233_63;064234_64;064235_65;064236_66;064238_68;064240_70;064242_72;064243_73;064244_74;064245_75;064247_77;064248_78;064249_79;064251_81;064252_82;064254_84;064258_88;064259_89;064260_90;064261_91;064262_92;064263_93;064264_94;064269_99;064271_101;064272_102;064273_103;064274_104;064275_105;064276_106;064277_107;235627_59B
set19,VFDB,70,70,65.4%,064171_1;064172_2;064174_4;064176_6;064178_8;064179_9;064180_10;064182_12;064183_13;064187_17;064188_18;064190_20;064192_22;064195_25;064196_26;064198_28;064201_31;064202_32;064203_33;064204_34;064205_35;064206_36;064209_39;064211_41;064212_42;064213_43;064214_44;064217_47;064218_48;064219_49;064221_51;064222_52;064223_53;064226_56;064230_60;064231_61;064232_62;064234_64;064235_65;064236_66;064237_67;064238_68;064239_69;064241_71;064242_72;064244_74;064245_75;064247_77;064248_78;064249_79;064251_81;064252_82;064254_84;064257_87;064259_89;064261_91;064262_92;064263_93;064264_94;064265_95;064267_97;064268_98;064269_99;064272_102;064273_103;064274_104;064275_105;064276_106;064277_107;235627_59B
essC,VFDB,61,61,57.0%,064173_3;064175_5;064177_7;064179_9;064181_11;064183_13;064184_14;064185_15;064187_17;064188_18;064189_19;064190_20;064194_24;064195_25;064197_27;064198_28;064199_29;064200_30;064202_32;064205_35;064207_37;064208_38;064209_39;064210_40;064211_41;064212_42;064213_43;064214_44;064216_46;064218_48;064219_49;064222_52;064223_53;064224_54;064225_55;064227_57;064230_60;064233_63;064235_65;064237_67;064239_69;064240_70;064241_71;064242_72;064245_75;064246_76;064250_80;064253_83;064255_85;064256_86;064257_87;064258_88;064260_90;064263_93;064265_95;064266_96;064267_97;064268_98;064269_99;064270_100;064276_106
sak,VFDB,57,57,53.3%,064175_5;064177_7;064179_9;064183_13;064184_14;064185_15;064186_16;064187_17;064189_19;064190_20;064193_23;064194_24;064197_27;064198_28;064199_29;064200_30;064205_35;064207_37;064208_38;064209_39;064210_40;064211_41;064214_44;064215_45;064216_46;064219_49;064220_50;064222_52;064223_53;064224_54;064225_55;064227_57;064228_58;064230_60;064233_63;064235_65;064240_70;064241_71;064242_72;064243_73;064245_75;064246_76;064250_80;064253_83;064255_85;064256_86;064257_87;064258_88;064260_90;064265_95;064266_96;064267_97;064268_98;064269_99;064270_100;064271_101;064276_106
esxC,VFDB,55,55,51.4%,064173_3;064175_5;064177_7;064179_9;064181_11;064183_13;064184_14;064185_15;064187_17;064189_19;064190_20;064194_24;064197_27;064198_28;064199_29;064200_30;064202_32;064205_35;064207_37;064208_38;064209_39;064210_40;064211_41;064213_43;064214_44;064216_46;064219_49;064222_52;064223_53;064224_54;064225_55;064227_57;064230_60;064233_63;064235_65;064240_70;064241_71;064242_72;064245_75;064246_76;064250_80;064253_83;064255_85;064256_86;064257_87;064258_88;064260_90;064263_93;064265_95;064266_96;064267_97;064268_98;064269_99;064270_100;064276_106
esxB,VFDB,55,55,51.4%,064173_3;064175_5;064177_7;064179_9;064181_11;064183_13;064184_14;064185_15;064187_17;064189_19;064190_20;064194_24;064197_27;064198_28;064199_29;064200_30;064202_32;064205_35;064207_37;064208_38;064209_39;064210_40;064211_41;064213_43;064214_44;064216_46;064219_49;064222_52;064223_53;064224_54;064225_55;064227_57;064230_60;064233_63;064235_65;064240_70;064241_71;064242_72;064245_75;064246_76;064250_80;064253_83;064255_85;064256_86;064257_87;064258_88;064260_90;064263_93;064265_95;064266_96;064267_97;064268_98;064269_99;064270_100;064276_106
esaE,VFDB,55,55,51.4%,064173_3;064175_5;064177_7;064179_9;064181_11;064183_13;064184_14;064185_15;064187_17;064189_19;064190_20;064194_24;064197_27;064198_28;064199_29;064200_30;064202_32;064205_35;064207_37;064208_38;064209_39;064210_40;064211_41;064213_43;064214_44;064216_46;064219_49;064222_52;064223_53;064224_54;064225_55;064227_57;064230_60;064233_63;064235_65;064240_70;064241_71;064242_72;064245_75;064246_76;064250_80;064253_83;064255_85;064256_86;064257_87;064258_88;064260_90;064263_93;064265_95;064266_96;064267_97;064268_98;064269_99;064270_100;064276_106
esxD,VFDB,55,55,51.4%,064173_3;064175_5;064177_7;064179_9;064181_11;064183_13;064184_14;064185_15;064187_17;064189_19;064190_20;064194_24;064197_27;064198_28;064199_29;064200_30;064202_32;064205_35;064207_37;064208_38;064209_39;064210_40;064211_41;064213_43;064214_44;064216_46;064219_49;064222_52;064223_53;064224_54;064225_55;064227_57;064230_60;064233_63;064235_65;064240_70;064241_71;064242_72;064245_75;064246_76;064250_80;064253_83;064255_85;064256_86;064257_87;064258_88;064260_90;064263_93;064265_95;064266_96;064267_97;064268_98;064269_99;064270_100;064276_106
esaD,VFDB,55,55,51.4%,064173_3;064175_5;064177_7;064179_9;064181_11;064183_13;064184_14;064185_15;064187_17;064189_19;064190_20;064194_24;064197_27;064198_28;064199_29;064200_30;064202_32;064205_35;064207_37;064208_38;064209_39;064210_40;064211_41;064213_43;064214_44;064216_46;064219_49;064222_52;064223_53;064224_54;064225_55;064227_57;064230_60;064233_63;064235_65;064240_70;064241_71;064242_72;064245_75;064246_76;064250_80;064253_83;064255_85;064256_86;064257_87;064258_88;064260_90;064263_93;064265_95;064266_96;064267_97;064268_98;064269_99;064270_100;064276_106
sea,VFDB,55,55,51.4%,064171_1;064172_2;064173_3;064174_4;064176_6;064178_8;064179_9;064180_10;064181_11;064182_12;064191_21;064192_22;064195_25;064196_26;064197_27;064198_28;064199_29;064201_31;064203_33;064204_34;064206_36;064210_40;064211_41;064217_47;064218_48;064219_49;064221_51;064226_56;064231_61;064232_62;064233_63;064234_64;064236_66;064237_67;064238_68;064244_74;064247_77;064248_78;064249_79;064251_81;064252_82;064257_87;064260_90;064261_91;064262_92;064264_94;064265_95;064267_97;064269_99;064272_102;064273_103;064274_104;064275_105;064277_107;235627_59B
cap8H,VFDB,39,39,36.4%,064179_9;064183_13;064186_16;064188_18;064190_20;064193_23;064195_25;064198_28;064200_30;064205_35;064208_38;064209_39;064211_41;064212_42;064213_43;064215_45;064216_46;064218_48;064219_49;064220_50;064223_53;064225_55;064227_57;064228_58;064230_60;064235_65;064237_67;064239_69;064240_70;064242_72;064243_73;064245_75;064257_87;064258_88;064265_95;064267_97;064269_99;064271_101;064276_106
cap8I,VFDB,39,39,36.4%,064179_9;064183_13;064186_16;064188_18;064190_20;064193_23;064195_25;064198_28;064200_30;064205_35;064208_38;064209_39;064211_41;064212_42;064213_43;064215_45;064216_46;064218_48;064219_49;064220_50;064223_53;064225_55;064227_57;064228_58;064230_60;064235_65;064237_67;064239_69;064240_70;064242_72;064243_73;064245_75;064257_87;064258_88;064265_95;064267_97;064269_99;064271_101;064276_106
cap8J,VFDB,39,39,36.4%,064179_9;064183_13;064186_16;064188_18;064190_20;064193_23;064195_25;064198_28;064200_30;064205_35;064208_38;064209_39;064211_41;064212_42;064213_43;064215_45;064216_46;064218_48;064219_49;064220_50;064223_53;064225_55;064227_57;064228_58;064230_60;064235_65;064237_67;064239_69;064240_70;064242_72;064243_73;064245_75;064257_87;064258_88;064265_95;064267_97;064269_99;064271_101;064276_106
cap8K,VFDB,39,39,36.4%,064179_9;064183_13;064186_16;064188_18;064190_20;064193_23;064195_25;064198_28;064200_30;064205_35;064208_38;064209_39;064211_41;064212_42;064213_43;064215_45;064216_46;064218_48;064219_49;064220_50;064223_53;064225_55;064227_57;064228_58;064230_60;064235_65;064237_67;064239_69;064240_70;064242_72;064243_73;064245_75;064257_87;064258_88;064265_95;064267_97;064269_99;064271_101;064276_106
sec,VFDB,38,38,35.5%,064171_1;064172_2;064174_4;064176_6;064178_8;064180_10;064182_12;064190_20;064191_21;064192_22;064196_26;064201_31;064203_33;064204_34;064206_36;064217_47;064221_51;064226_56;064230_60;064231_61;064232_62;064234_64;064238_68;064244_74;064247_77;064248_78;064249_79;064251_81;064252_82;064261_91;064262_92;064264_94;064272_102;064273_103;064274_104;064275_105;064277_107;235627_59B
sell,VFDB,38,38,35.5%,064171_1;064172_2;064174_4;064176_6;064178_8;064180_10;064182_12;064190_20;064191_21;064192_22;064196_26;064201_31;064203_33;064204_34;064206_36;064217_47;064221_51;064226_56;064230_60;064231_61;064232_62;064234_64;064238_68;064244_74;064247_77;064248_78;064249_79;064251_81;064252_82;064261_91;064262_92;064264_94;064272_102;064273_103;064274_104;064275_105;064277_107;235627_59B
set21,VFDB,34,34,31.8%,064173_3;064179_9;064181_11;064183_13;064188_18;064190_20;064195_25;064197_27;064198_28;064199_29;064202_32;064205_35;064209_39;064210_40;064211_41;064212_42;064213_43;064218_48;064219_49;064223_53;064230_60;064233_63;064235_65;064237_67;064239_69;064242_72;064245_75;064257_87;064260_90;064263_93;064265_95;064267_97;064269_99;064276_106
chp,VFDB,29,29,27.1%,064186_16;064187_17;064188_18;064190_20;064193_23;064195_25;064200_30;064208_38;064209_39;064212_42;064214_44;064215_45;064216_46;064218_48;064220_50;064222_52;064223_53;064225_55;064227_57;064228_58;064230_60;064237_67;064239_69;064240_70;064241_71;064243_73;064258_88;064268_98;064271_101
set26,VFDB,24,24,22.4%,064186_16;064187_17;064188_18;064190_20;064193_23;064195_25;064198_28;064209_39;064212_42;064213_43;064214_44;064215_45;064218_48;064220_50;064222_52;064223_53;064228_58;064230_60;064237_67;064239_69;064243_73;064268_98;064269_99;064271_101
seb,VFDB,15,15,14.0%,064173_3;064181_11;064183_13;064187_17;064197_27;064199_29;064205_35;064210_40;064214_44;064222_52;064233_63;064235_65;064242_72;064245_75;064276_106
selq,VFDB,11,11,10.3%,064173_3;064181_11;064197_27;064198_28;064199_29;064209_39;064210_40;064233_63;064241_71;064242_72;064269_99
selk,VFDB,11,11,10.3%,064173_3;064181_11;064197_27;064198_28;064199_29;064209_39;064210_40;064233_63;064241_71;064242_72;064269_99
ete,VFDB,11,11,10.3%,064175_5;064177_7;064184_14;064189_19;064194_24;064207_37;064224_54;064250_80;064253_83;064256_86;064270_100
cna,VFDB,10,10,9.3%,064183_13;064185_15;064186_16;064207_37;064213_43;064215_45;064220_50;064224_54;064270_100;064271_101
seh,VFDB,5,5,4.7%,064198_28;064209_39;064213_43;064223_53;064269_99
tsst-1,VFDB,2,2,1.9%,064184_14;064213_43
flgN,VFDB,1,1,0.9%,064270_100
xcpU,VFDB,1,1,0.9%,064176_6
eta,VFDB,1,1,0.9%,064212_42
etb,VFDB,1,1,0.9%,064212_42
fliQ,VFDB,1,1,0.9%,064262_92
